last_name;first_name
Clark;Theresa
Besson;Zoé
Stone;Keith
Wilson;Matthew
Jones;Michael
Travis;David
Salmon;Nathalie
Key;Edward
Schaefer;Felicia
Lenoir;Julie
Buisson;Aimée
Hervé;Hortense
Mcclain;Seth
Allen;Barry
Hicks;Patrick
Barre;Adélaïde
Rodriguez;Phillip
Alvarez;Stacy
Meyer;Luc
Pruvost;Olivie
Lyons;Robert
Zimmerman;Erika
Fabre;Dominique
Dunn;Jon
De Sousa;Adrienne
De Oliveira;Hélène
Bouvier;Victoire
François;Sébastien
Étienne;Anastasie
Roberts;Lisa
Lemonnier;Guillaume
Godard;David
Renard;Gabriel
Legrand;Guillaume
Laine;Élisabeth
Ward;Monique
Martin;Bill
Bouvet;Élisabeth
Rhodes;Alan
Lefort;Étienne
Mcneil;Clarence
Guilbert;Léon
Fouquet;Daniel
Blin;Christine
Stephens;Colleen
Garcia;Marthe
Smith;John
Lee;Amanda
Phillips;Laura
Dupuis;Bernard
Orr;Morgan
Carr;Lisa
Parker;Lisa
Sanchez;Joshua
Pineau;Thibault
Tran;Megan
Thomas;Donald
Lefebvre;Andrée
Humbert;André
Dumont;Nicolas
Orr;Thomas
Muller;Sébastien
Marchand;Arnaude
Pottier;Michel
Pennington;Kristina
Bailey;Keith
Flores;Jose
Delorme;Jules
Gilles;Thibault
Henry;Nathalie
Washington;Angela
Graves;Carolyn
Barrett;Kimberly
Caron;Catherine
Jacques;Lorraine
Hill;Jason
Ferreira;Denis
Phillips;Rachel
Pinto;Michèle
Santana;Derrick
Garcia;Stéphane
Howard;Michele
Hill;Kenneth
Leroux;Paul
Murillo;Stacey
Godard;David
Maillet;Susan
Masson;Gabrielle
Miller;Ian
Bouvier;Audrey
Thomas;Tiffany
Jones;Paul
Pineau;Sophie
Bradley;Wendy
Faivre;Claire
Robinson;Amy
Faure;Michelle
Jean;Capucine
Lawrence;Ariel
Joubert;Pierre
Guibert;Alice
Villarreal;Kevin
Olivier;Alain
Lévêque;Théodore
Fontaine;Michelle
Lamy;Gérard
Fouquet;Julie
Wagner;William
Potter;Matthew
Louis;William
Chartier;Isabelle
Johnston;Gina
Allain;Antoine
Rodriguez;Bryan
Marques;Martine
Hernandez;Robyn
Brown;Mark
Pages;Océane
De Oliveira;Thérèse
Rodrigues;Auguste
Labbé;René
Clayton;Brooke
Daniel;Kelsey
Spencer;William
Singleton;Jonathan
Ward;Richard
Pierce;Ashlee
Griffith;Ashlee
Aguirre;Timothy
Wagner;Lucie
Parent;Anastasie
Martins;Raymond
Delaunay;Emmanuelle
Schneider;Joseph
Kim;Marc
Marion;Anouk
Baldwin;Shelley
Bradford;Cindy
Lemaître;Christelle
Joubert;Jules
Silva;Michael
Cole;Richard
Morris;Randy
Bernard;Heather
Pages;Susanne
Berger;Margaret
Bailly;Joseph
Guérin;Julie
Michel;Odette
De Sousa;Nathalie
Glenn;Megan
Rocher;Victor
Kramer;Alice
Valentin;Hugues
Robertson;Jason
Kim;Melissa
Potter;Jennifer
Leclercq;Christophe
Baron;Grégoire
Reynaud;Christiane
Langlois;Patrick
Nguyen;Sophie
Anderson;Patricia
Fontaine;Nathalie
Salmon;Alphonse
Wolf;Susan
Walker;Todd
Colas;Margaud
Best;Doris
Laporte;Thomas
Legrand;Guy
Martel;Aimé
Lenoir;Marianne
Evans;Karen
Clements;Jonathon
Thomas;Jessica
Reed;Johnathan
Brun;Clémence
Blanchard;Isabelle
Picard;Élisabeth
Evans;Robert
Mahe;Louis
Germain;Nathalie
Miller;Samuel
Moody;Rodney
Harvey;Angela
Besnard;Jacques
Lee;William
Louis;Michèle
Reynaud;Théophile
Santos;Michael
Bouvet;Jacques
Pineau;Sabine
Owens;Dennis
Marques;Claudine
Lewis;John
Vazquez;Jacob
Merle;Michel
Bonneau;Martin
Boone;Francis
Lewis;Christopher
Mahe;Emmanuelle
Evrard;Bernard
Hunter;Carlos
Clark;Robert
Stewart;Michelle
Morales;Bobby
Swanson;David
Texier;Éric
Petit;Danielle
Kim;Andrea
Huet;Richard
Parsons;James
Seguin;Suzanne
Bradford;Kathleen
Hood;Melissa
Rousset;Amélie
Vega;Katherine
Cole;Melanie
Mercier;Alice
Allard;Alexandrie
Waller;Samuel
Washington;Samantha
Leroux;Honoré
Bègue;Adrienne
Ferguson;Robert
Hensley;Juan
Henderson;Kimberly
Martins;Hélène
Mahoney;Dylan
Navarro;Arthur
Besson;Philippine
Blanchet;Gérard
Perrier;Noël
Holt;Amy
Vasseur;Denis
Williams;Roy
Guerra;Justin
Morin;Charles
Gérard;Océane
Monroe;Brendan
Lopez;Jay
Philippe;Michel
Dumont;Chantal
Dupont;Isaac
Stewart;Paula
Descamps;Martine
Maillard;Robert
Liu;Colin
Bertin;Isaac
Martineau;Camille
Gay;Susanne
Bryant;Kaitlyn
Dias;Aurélie
Palmer;Stacey
Boulanger;Marcel
Cabrera;Ashley
Martin;Katie
Voisin;Julie
Underwood;Ellen
Simon;Sandra
Moore;James
Allen;Tammy
Horton;Brian
Delattre;Adélaïde
Pottier;Pierre
Germain;Thibault
Collins;Gregory
Brown;Taylor
Dominguez;Monica
Bernard;Russell
Wolfe;Andre
Harrington;Andrea
Lebrun;Jacques
Alvarez;Erika
Foucher;Isabelle
Maurice;Laurence
Leconte;Suzanne
Roussel;Thérèse
Richards;Kimberly
Lejeune;Juliette
Hamel;Richard
Marion;Aimée
Martin;Brett
Lemaire;Timothée
Thierry;Laurence
Garcia;Chantal
Jones;Michael
Roy;Arthur
Smith;Heather
Guillot;Lorraine
Peterson;Edwin
Moore;Ashley
Arellano;Sean
King;Jessica
Kane;Angela
Gordon;Caitlin
Benard;Madeleine
Rocher;Madeleine
Griffith;Jennifer
Pottier;Thierry
Masse;Vincent
Maurice;Benjamin
Hernandez;Aimée
Huet;Paulette
Jacquet;Geneviève
Bernier;Aurélie
Harper;Laura
Gomez;René
Bell;Ryan
Smith;Michael
Langlois;Vincent
Koch;Richard
Braun;Priscilla
Randolph;Alison
Jacques;Margot
Roy;Isaac
Joseph;Susan
Andre;Lorraine
Morvan;Philippe
Mckinney;Garrett
Legrand;Élodie
Chrétien;Arthur
Moore;Lindsay
Parker;Joan
Adam;Lorraine
Alexandre;Laurence
Boutin;Marthe
Brun;Grégoire
Carpentier;Étienne
Renaud;Guillaume
Brown;John
Samson;Georges
Bruneau;Simone
Faivre;André
Johnson;Zachary
Richardson;Joseph
Davies;Charles
Alexander;Toni
Chan;Johnny
Watkins;Amber
Caron;Rémy
Hicks;Brian
Young;Donald
Marques;Georges
Morvan;Hélène
Williams;William
Barre;Margaret
Bouchet;Joséphine
Andre;Dorothée
Maillet;Jacques
Pichon;Capucine
Mathis;Collin
Perez;Agathe
Gomez;Michèle
Dos Santos;Jacques
Bishop;Robert
Leclerc;Olivie
Garcia;Cheryl
Smith;Sarah
Miller;Ryan
Lévêque;Josette
Lucas;Kevin
Allen;Brittney
Blackwell;Paul
Teixeira;Lucie
Crane;Eric
Rhodes;Cory
Chavez;Anthony
Hernandez;Denis
Lane;Rachel
Bennett;Jason
Boyer;Franck
Johnson;Brian
Gross;Sean
Brown;Elizabeth
Edwards;Daniel
Lemonnier;Jean
Brown;Jennifer
Craig;Kristin
Leclerc;Alex
Gray;Julia
Mitchell;Joshua
Lucas;Jacques
Garcia;Patricia
Rolland;Suzanne
Guillot;Alexandrie
Da Costa;Odette
Lebrun;Hélène
Jones;Lindsay
Weiss;Joe
Da Silva;Adrienne
Irwin;Rachel
Merle;Luc
Smith;Crystal
Fouquet;Théodore
Myers;Alyssa
Hudson;Amanda
Vincent;Brenda
Lelièvre;Olivier
Neveu;François
Robbins;Jenna
Haynes;Darren
Salmon;Cécile
Taylor;Rebecca
Poirier;Lucie
Juarez;Lisa
Hensley;Alicia
Alves;Gabrielle
Douglas;Cynthia
Le Gall;Richard
Jackson;Jessica
Lee;John
Brooks;Amy
Oconnor;Jeffrey
Hoareau;Margaret
Coste;Suzanne
Carre;Hugues
Hahn;Michael
Colas;Andrée
Ryan;Kaitlyn
Dumont;William
Rodriguez;Brooke
Brunel;Stéphane
Maréchal;Roland
Mills;Julie
Brown;Dominique
Gros;Olivie
Louis;Lucie
Odonnell;Laura
Leblanc;Arthur
Fisher;Cody
Adams;Frances
Seguin;Michèle
Grégoire;Maurice
Gimenez;Anaïs
Hunt;Megan
Dumont;Gabriel
Smith;Cindy
Thomas;Bernadette
Couturier;Adèle
Guibert;Nicolas
Dupré;Marc
Delahaye;Guillaume
Ross;Heather
Scott;Tabitha
Fernandez;Chris
Loiseau;Honoré
Blanc;Anaïs
Nguyen;Amy
Gay;Jean
Andre;Thibault
Raynaud;Yves
Launay;Emmanuel
Germain;Sabine
Delahaye;Emmanuel
Teixeira;Patricia
Joseph;Sara
Chevallier;Monique
Grenier;Suzanne
Bègue;Corinne
Choi;Erica
Bryant;William
Krause;Kelly
Guerrero;Gregory
Weaver;Regina
Mary;Joseph
Morvan;Alex
Wood;Christopher
Blondel;Alix
French;Angela
Marchal;Gabriel
Renaud;Charlotte
Martin;Martine
Laurent;Denise
Tran;Amy
Merritt;Cathy
Hebert;Édith
Olson;Christopher
Colas;Lucy
Leduc;Tristan
Higgins;Alexander
Coleman;Jamie
Weaver;Randy
Taylor;Julia
Gaillard;Gabriel
Hodges;Jeffrey
Julien;Thibaut
Guérin;Anne
Legrand;Philippine
Antoine;Margaret
King;Laura
Bourdon;Manon
Labbé;Josette
Taylor;Justin
Williams;Sherry
Peters;Jesse
Rodgers;Timothy
Shaffer;Brandon
Lemaire;Charlotte
Foster;William
Delahaye;Éric
Pace;Megan
Carlier;Maggie
Foucher;Christelle
Martinez;April
Thomas;Kelly
Fischer;Kathryn
Didier;Laurence
Normand;Agathe
Ellis;Anthony
Duval;Christelle
Morel;Marguerite
Smith;Justin
Bouvet;Stéphane
Campos;Molly
Rocha;Kristin
Brunet;Antoine
Teixeira;Lucy
Costa;Françoise
Renault;Suzanne
Mcconnell;Juan
Nguyen;Laetitia
Guilbert;Philippine
Lefèvre;Cécile
Meyer;Anthony
Park;Alicia
Colas;Jérôme
Powell;Thomas
Spears;Scott
Scott;David
Patterson;Marissa
Williams;Dana
Vallée;Amélie
Simon;Agnès
Cox;Brittany
Lopez;Lauren
Johnson;Steven
Dean;Samuel
Pierre;Gilbert
Charpentier;Alice
Goodman;Thomas
Page;Crystal
Reynolds;Heather
Green;Amy
Louis;Gilbert
Banks;Michael
Freeman;Amber
Harper;Carlos
Spence;Mark
Hervé;Patrick
Germain;Nathalie
Martin;Alexander
Kelly;Steven
Park;Lisa
Conner;Erika
Goncalves;Josette
Schmitt;Michael
Leconte;Inès
Bruce;Erin
Joly;Caroline
Barbier;Benjamin
Tran;Logan
Morgan;Wendy
Courtois;Nicolas
Bousquet;Adèle
Garcia;Lindsey
Goodman;Tyler
Deschamps;Henri
Hoarau;Julie
Lebrun;Brigitte
Harmon;Eileen
Gautier;Benoît
King;James
Kennedy;Brittany
Thomas;Louis
Moore;Todd
Leleu;Antoinette
Boutin;Honoré
Besnard;Madeleine
Gallet;Xavier
White;Rachel
Guillon;Frédéric
Delaunay;Michel
Kelley;Christopher
Richard;Gary
Petitjean;Jean
Nelson;Elizabeth
Lee;Clarence
Mosley;Eric
Chen;James
Lejeune;Rémy
Hood;Brian
Pereira;Émile
Boutin;Éléonore
Hardy;Gilbert
Smith;Alicia
Morse;Austin
Dupont;Émile
Renaud;Luc
Gates;Kevin
Casey;Carrie
Jones;Alexandra
Bryant;Kathy
Bourdon;Renée
Mendès;Thomas
Smith;Jake
Sanders;William
Miller;Jillian
Grant;Wendy
Delannoy;Renée
Godard;Olivie
Lawson;Christine
Phillips;Samantha
Dijoux;Bernard
Thibault;Daniel
Normand;Thomas
Dixon;Paul
Leclerc;Aimé
Jones;Jacob
Adams;Samuel
Rodrigues;Théodore
Raynaud;Isabelle
Hudson;Mark
Martinez;Leslie
Watkins;Robert
Hamilton;Meredith
Nunez;Valerie
Costa;Noël
Johnson;Angela
Cardenas;Jeffery
Allen;Scott
Alexandre;Arnaude
Kelly;Edwin
Ledoux;Luc
Shaffer;Aaron
Evans;Kara
Moreau;Isabelle
Smith;Lori
Burke;Sharon
Walsh;Lauren
Pereira;Émile
Léger;Hugues
Cooper;Lisa
Chevalier;Julien
Colas;Laurent
Boyer;Aimé
Lefèvre;Hélène
Gros;Gilbert
Hamon;Auguste
Giraud;Laure
François;Matthieu
Wright;Linda
Joly;Chantal
Cordier;Michèle
Porter;Jim
Hicks;Michael
Gomes;Christiane
Mary;Thibault
Valdez;Cynthia
Taylor;Sheena
Texier;Élodie
Thierry;Matthieu
Lesage;Margaret
Lévy;Agathe
Lacroix;Brigitte
Hamel;Alice
Ramirez;Joseph
Stewart;Melissa
Frazier;Tracy
Hervé;Michelle
Boucher;William
Samson;Alex
Wilcox;Austin
Maury;Chantal
Griffith;Daniel
Lee;Jason
Rodriguez;William
Reynaud;Brigitte
Smith;Amanda
Deleon;Seth
Jackson;Lisa
Hernandez;Émilie
Ferrand;Isaac
Norton;Marc
Gregory;David
Harris;Jody
Pascal;Léon
Lombard;Suzanne
Williams;Joyce
Durand;Luce
Ferreira;Josette
Grégoire;Suzanne
Normand;Olivie
Price;Katie
Johnson;Shelley
Fry;Paul
Moreno;Philippine
Smith;Nicole
Jourdan;Claire
Perret;Victoire
Petitjean;Louis
Allain;Jeanne
Carlier;Édith
Hoareau;Marianne
Brunel;Mathilde
Perkins;Danielle
Rowland;Luke
Jean;Juliette
Bauer;Kevin
Rousset;Louise
Gosselin;Sébastien
Castaneda;Olivia
Woodward;Timothy
Parent;Laetitia
Garnier;Laetitia
Henry;Susanne
Walsh;Mary
Renaud;Denise
Anderson;Daniel
Grenier;Antoinette
Harrell;Elizabeth
Launay;Suzanne
Singh;Joseph
Maréchal;Grégoire
Ruiz;Shelley
Powers;Justin
Imbert;Pauline
Gibson;Ashley
Black;Jennifer
Gonzalez;Clémence
Fletcher;Gloria
Dixon;Johnathan
Freeman;Teresa
Moore;Mary
Ibarra;Allison
Perez;Randy
Breton;Patricia
Robles;Nicole
Hoareau;Laurence
Faivre;Aurore
Ryan;Daniel
Perrot;Théophile
Charpentier;Dominique
Laporte;Marie
Blanchard;Alicia
Ledoux;Henriette
Lewis;Harold
François;Vincent
Garrison;Susan
Alves;Renée
Cordier;Christiane
Mercier;Gabrielle
Étienne;Laurent
Adam;Claudine
Powell;James
Rodriguez;Sarah
Marques;Marie
Conner;Anthony
Lee;Courtney
Lewis;Mark
Smith;Christopher
Davis;Tammy
Teixeira;Roger
Brennan;Melissa
Phelps;Kathy
Chauvet;Joseph
Bruneau;Édith
Duval;Thierry
Ferrand;Théodore
Chrétien;Maryse
Charles;Jacqueline
Wilkerson;Tonya
Jordan;Joshua
Rossi;Emmanuel
Russo;Arthur
Wiley;Amanda
Blackburn;Brad
Payet;André
Étienne;Gabriel
Delattre;Suzanne
Hebert;Gabriel
Daniel;Gary
Sanders;Anthony
Robinson;Kathy
Ferreira;Philippine
Gimenez;Dominique
Price;Dana
Loiseau;Philippe
Mckee;Cory
Guérin;Édith
Gates;Deborah
Bonneau;Thérèse
Hood;Tim
Duhamel;Amélie
Oneal;Rachel
Loiseau;Roland
Gibson;Raymond
Mercier;Théophile
Richard;Élodie
Higgins;Jodi
Miller;Phillip
Wells;Andrew
Donaldson;Amber
Roux;Alexandrie
Gosselin;Suzanne
Valette;Denis
Newman;Evan
Fisher;Helen
Johnson;Rachel
Allen;Heidi
Maillet;Élisabeth
Mercer;Beth
Flowers;Robert
Brown;Dawn
Rocher;René
Delgado;Regina
Gomez;Henriette
Oconnor;Andrea
Pinto;Corinne
Rangel;Pamela
Campbell;Kathy
Guibert;Célina
Davis;Jorge
Smith;Amy
Martineau;Élodie
Cunningham;David
Collin;Vincent
Johnson;Gregory
Graham;Catherine
Coleman;Mackenzie
Nguyen;Rachel
Adam;Adèle
Vasquez;Lauren
Anthony;Timothy
Vega;Tara
Black;Victor
Dupré;Léon
Léger;Renée
Berry;Heather
Legros;Olivie
Parker;Melissa
Chartier;Sabine
Moreno;Pierre
Nguyen;Inès
Hernandez;James
Renard;Franck
Oliver;Kathy
Macias;Alexandria
Faure;Juliette
Wright;Robert
Welch;Catherine
Imbert;Lucy
Cain;John
Terry;Michael
Germain;Louise
Merle;Théophile
Barker;Lisa
Jennings;Kendra
Martinez;Étienne
Berger;Michèle
Berger;Sabine
Green;Robert
Lemaire;Élisabeth
Duran;David
Rey;Constance
Bass;Amanda
Morris;Erica
Lynch;Danny
Bruneau;Franck
Marie;Noël
Fouquet;Sylvie
Buck;Sandra
Murphy;Christine
Coste;Frédérique
Jean;Maggie
Lamy;Célina
Scott;Isabel
Chauveau;Alphonse
Robinson;James
Miller;Nathan
Guillaume;Xavier
Guichard;Matthieu
Hall;Billy
Lefebvre;Paul
Ferreira;Marie
Dos Santos;René
Barnes;Gerald
Fisher;Michael
Gay;Éléonore
Roussel;Victoire
Bond;Theodore
Torres;Heather
Copeland;Maria
Howell;Edward
Macias;Marc
Techer;Anaïs
Savage;Christina
Ortega;Christopher
Johnson;Joel
Castillo;Frank
Perez;Jerry
Archer;Alexander
Foucher;Véronique
Jones;Allison
Delannoy;Eugène
Robertson;Jason
Davis;Suzanne
Cousin;Véronique
Mercier;Margaux
Bean;Courtney
Lewis;Amy
Fischer;Raymond
Bonneau;Amélie
Gros;Laurence
Morin;Roland
Young;Yvette
Couturier;Vincent
Dubois;Marine
Sanchez;Anastasie
Gomez;Antoinette
Morvan;Élise
Carlier;Julien
Guérin;Chantal
Laine;Jacques
Mcdaniel;James
Mckenzie;Courtney
White;Michelle
Boulay;Hugues
Lucas;Mason
Brown;Steven
Fournier;Claudine
Giraud;Élise
Jones;Jesse
Lefort;Christine
Dyer;Donna
Potier;Bernard
Auger;Nicolas
Fischer;Alain
Hunter;Cathy
Collier;Amy
Young;Raymond
Weber;Jason
Edwards;Barbara
Payet;Clémence
Mendès;David
Laroche;Eugène
Briand;Frédérique
Gosselin;Marie
Noble;Kelly
Hardin;Amber
Webb;Rachel
Ramirez;Charles
Lejeune;Bernadette
Johnson;Kendra
Wall;Emily
Wagner;Jules
Burns;Jill
Farmer;Phillip
Hamon;Étienne
Rodriguez;Chelsea
Parks;Michael
Mueller;Cory
Leon;Emily
Weiss;Benoît
Burgess;Kim
Cobb;Charlene
Menard;Arnaude
Johnson;Amy
George;Robert
Devaux;Jérôme
Wolfe;Joshua
François;Édith
Carlier;Margot
Newton;Nathaniel
Mccoy;Willie
Allard;Virginie
Ramos;Margaux
Riley;Melissa
Chauveau;Agathe
Romero;Douglas
Acosta;Leslie
Guillou;Noël
Vincent;Christopher
Snyder;David
Colas;Guillaume
Roche;Michelle
Leconte;Jules
Valentin;Lucas
Reese;Gary
Bowers;Michael
Martinez;Kristin
Summers;Garrett
Vasquez;Tracy
Boyer;Eugène
Normand;Édith
Orozco;James
Diaz;Pauline
Steele;Debra
Levy;Carol
Smith;Lydia
Brunet;Thibaut
Perrot;Claudine
Hardin;Cody
Jordan;Michele
Rubio;Jacob
Moreau;Laure
Franklin;Lori
Montoya;Ernest
Hamel;Gabriel
Anthony;Dustin
Navarro;Antoine
Elliott;Zachary
Moreno;Isaac
Le Roux;Capucine
Walters;Richard
Lagarde;Bertrand
Daugherty;Julie
Estes;Derek
Chartier;Matthieu
Lefèvre;Adélaïde
Colon;Jared
Miller;Jill
Loiseau;Louise
Jenkins;Trevor
Brewer;Shelby
Lévêque;Agathe
Colas;Inès
Garcia;Zachary
Cox;Michael
Boulanger;Xavier
Peron;Bernard
Garcia;Jasmine
Holmes;Luis
Fernandez;Isabella
Da Costa;Agathe
Miller;Michelle
Watson;Jared
Pinto;Frédérique
Franklin;Lisa
Lacroix;Jeannine
Porter;Cassidy
Salas;Timothy
Payet;Arthur
Curry;Scott
Dumont;Grégoire
Diallo;Thibaut
Johnson;Leah
Briand;Aimé
Hernandez;Georges
Blanchard;Joséphine
Lewis;John
Taylor;Susan
Louis;Henriette
Johnston;Stephanie
Humbert;Anastasie
Ramos;Jacqueline
Normand;Bertrand
Lopez;Martin
Taylor;Michelle
Ball;David
Guillaume;Dorothée
Dougherty;Misty
Murphy;Melanie
Espinoza;Shane
Gérard;Alfred
Harrison;Christopher
Anderson;Richard
Bousquet;Thérèse
Guillot;Maurice
Brooks;Kenneth
Labbé;Marthe
Torres;Kari
Voisin;Nicole
Lefèvre;Émile
Martinez;Margot
Williamson;Dillon
Carter;Tara
Colas;Hortense
Munoz;Valentine
Ferrand;Inès
Traore;Suzanne
Garcia;Antoinette
Dupont;Marc
Davis;Brendan
Julien;Adrienne
Allen;Adam
Baudry;Alexandre
Chapman;Rachel
Bridges;April
Roux;Clémence
Brun;Marcel
Rey;Emmanuel
Perrin;René
Haas;Russell
Léger;Michelle
Valentin;Suzanne
Fisher;Jennifer
Dean;Elizabeth
Jones;Jennifer
Holmes;Janet
Dean;Katie
Short;Ashley
Reynaud;Éric
Alves;Olivier
Perez;Kristi
Burke;Kara
Hall;Marc
Ray;Katherine
Klein;Marc
Clarke;Stacy
Clerc;Julien
Bertin;Nathalie
Daniel;Aimée
Ortiz;Diane
Smith;Madison
Lee;Cody
De Sousa;Adrien
Adam;Agathe
Smith;Hannah
Waller;Dustin
Gillet;Raymond
Humbert;André
Thibault;Pauline
Ramos;Honoré
Bradley;Jacob
Legrand;Gabrielle
Potts;Sandy
Richard;Clayton
Watkins;Lauren
Peterson;Trevor
Germain;Élisabeth
Mcneil;Natasha
Mercier;Laetitia
Bertin;Sabine
Joly;Xavier
Maurice;Isabelle
Sandoval;Elizabeth
Maurice;Thomas
Vincent;Andrew
Lopez;Rachel
Maillot;Clémence
Bouvier;Michel
Stevens;Crystal
Parker;Sharon
Williams;Heather
Pascal;Véronique
Chevalier;Éric
Terrell;Kathleen
Rocher;Arnaude
Moreau;Paul
Delannoy;Margaux
Payne;Joseph
Samson;Brigitte
Gaillard;Éric
Dos Santos;Timothée
Caldwell;Christian
Henry;Cathy
Prévost;Élise
Besnard;William
Prince;Chad
Hinton;Joy
Martin;Patrick
Hardin;Susan
Shah;Tyrone
Neal;Jonathan
Tate;Alexander
Deleon;April
Coulon;Simone
Barthelemy;Maryse
Paul;Catherine
Lebrun;Marcel
Bigot;Lucie
Legros;Audrey
Rodriguez;Hortense
Riou;Sylvie
Richardson;Maria
Sanchez;Michelle
Millet;Anaïs
Jordan;Timothy
Romero;Alexandra
Moreau;Zoé
Peterson;Matthew
Martin;Amy
Thierry;Alphonse
Martin;Jenna
Colon;Charles
Gay;Pauline
Brady;Paul
Bailey;Mark
James;Vanessa
Turner;Victor
Moore;Raven
Descamps;Alphonse
Jones;Debra
Beasley;Christopher
Lacombe;Lucy
Fisher;Autumn
Hernandez;Elizabeth
Johnson;Teresa
Lutz;Jamie
Andre;Charlotte
Albert;Dominique
Scott;Kim
Guyot;Maryse
Maillet;Marguerite
Louis;Laetitia
Hughes;Melissa
Howard;Jeffrey
Pratt;Kelly
Colin;Isabelle
Serrano;Edward
Vasseur;Laurent
Masson;David
Frey;Ashley
Mccoy;Brittney
Beck;Nathan
Mitchell;Timothy
Leroux;Martine
Scott;Sean
Brown;Melanie
Carpenter;Elizabeth
Haynes;Matthew
Mitchell;Rodney
Anderson;Cody
Pruitt;Jacqueline
Fernandez;April
Tessier;Véronique
Jourdan;Élisabeth
Valenzuela;Connor
Renaud;Josette
Valdez;Wesley
Bazin;Bernadette
Oliver;James
Wilson;Kaitlyn
Miller;Thomas
Lopez;Tyler
Marion;Yves
Garza;Melanie
Germain;Yves
Goncalves;Hortense
Rey;Paul
Chevallier;Noémi
Charpentier;Marianne
Rodrigues;Rémy
Langlois;Suzanne
Robin;Hortense
Lindsey;Jo
Charrier;Thierry
Brooks;Leslie
Moreno;Charles
Perez;Thérèse
Albert;Édouard
Marty;Thérèse
Fabre;Geneviève
York;Randy
Ramos;Noémi
Giles;Victor
Tessier;Thibault
Ribeiro;Éric
Knight;Brittney
Anderson;David
Parks;Michael
Roche;Louise
Pierre;Laure
Richardson;Alan
Morris;Alexandra
Da Silva;Christophe
Jones;Allen
Guillaume;Hugues
Rey;Suzanne
Fabre;Gabriel
Leroux;Guillaume
Harris;Ian
Ollivier;Jacques
Roberts;Rebecca
Jean;Bernard
Stuart;Julia
Lamy;Édouard
Hardy;Thérèse
Boutin;Sophie
Fritz;Brenda
Lelièvre;Gilles
Ledoux;Élodie
Lee;Lisa
Miranda;Paige
Torres;Richard
Peterson;Amanda
Chauvin;Sophie
Munoz;Frédéric
Rémy;Aimée
Loiseau;Arthur
Bazin;Olivie
Daniel;Édith
Mccormick;Jonathan
Burch;Lori
Louis;Adélaïde
Thibault;Jeanne
Lefèvre;Christelle
Noël;Timothée
Blin;Matthieu
Thompson;Trevor
Nelson;Wendy
Delorme;Stéphanie
Martel;Jérôme
Lopez;Nicholas
Marin;Louise
Lefort;Valérie
Valette;Philippine
Gamble;David
Hawkins;Brandy
Besson;Timothée
Hoarau;Josette
Pasquier;William
Mcdaniel;Jennifer
Leconte;Thierry
Allain;Denis
Wright;Christian
Braun;Sean
Ayers;Kimberly
Gauthier;Anouk
Payet;Zoé
Diaz;Pauline
Farmer;Jerry
Harris;Mary
Olivier;Clémence
Roger;Alexandrie
Renard;Joséphine
Rush;Carolyn
Delaunay;Michelle
Brown;Joel
Pages;Valentine
Velasquez;Michelle
Johnson;Billy
Cruz;Hannah
White;Anita
Colin;Daniel
Alexandre;Benoît
Oconnor;William
Lenoir;Danielle
Rodriguez;Timothy
Holt;Joseph
Dickerson;Willie
Perez;Kristine
Howard;Duane
Hahn;Russell
Weiss;Alfred
Sanchez;Laurent
Butler;Raymond
Nichols;Brooke
Bigot;Brigitte
Mallet;Gabrielle
Miller;Barbara
Scott;Deborah
Gauthier;Caroline
Wolfe;Breanna
Raynaud;Eugène
Benard;Margaux
Norman;Rodney
Beard;Jeffery
François;Adélaïde
Parker;Briana
Floyd;Stephen
Flores;Patrick
Sauvage;Anne
Ruiz;Antoinette
Jenkins;Crystal
Kane;Alexander
Gross;Thomas
Rémy;Jeannine
Dupont;Joseph
Peltier;Nath
Maillet;Lorraine
Oliver;Jesse
Liu;Robert
Boyd;Michael
Boucher;Aimée
François;Louis
Lemaître;Marine
Pons;Thierry
Menard;Arnaude
Auger;Guy
Edwards;Jill
Miranda;Jason
Fernandes;François
Rodriguez;Becky
Watkins;William
Michaud;Pierre
Conley;Kelly
Williams;Michael
Estrada;Patrick
Lefort;Élodie
Gauthier;Victor
Lefort;Maggie
Delorme;Martin
Jean;Claude
Gay;Aimée
Carpentier;Franck
De Sousa;Adèle
Malone;Deanna
Harrison;Tammy
Paris;Claudine
English;Cody
Mitchell;Scott
Choi;Audrey
Brun;Arthur
Hickman;Eugene
Barthelemy;Martin
Mendès;Hélène
Skinner;Emily
Paris;Marie
Gomes;Sabine
Serrano;Amy
Johnson;Andrea
Schneider;Antoinette
Chan;Jonathan
Sutton;Andrew
Maury;Marthe
Descamps;Agnès
Rousset;Manon
Cousin;Jean
Morvan;Philippe
Richardson;Monique
Francis;Stephanie
Richard;Paulette
Fleury;Capucine
Bass;Wendy
Rivière;Pierre
Reid;Terri
Mallet;Franck
Barker;Vanessa
Lejeune;Denise
Durand;Agnès
Paul;Alexandrie
Hansen;Holly
Morel;Michelle
Fernandes;Gabrielle
Breton;Colette
Rivera;Kimberly
Blot;Matthieu
Silva;Brian
Étienne;Amélie
Noël;Gilbert
Cruz;Jessica
Jourdan;Édith
Williams;Michael
Arias;Danielle
Oneill;Cindy
Toussaint;Capucine
Choi;Michael
Torres;Emmanuel
Hervé;Laetitia
Descamps;Zacharie
Byrd;Janet
Raymond;Pénélope
Walker;Earl
Hamel;Rémy
Owens;John
Kramer;Rachel
Thibault;Dorothée
Monnier;Joseph
Lucas;Michelle
Ferrand;Colette
Grondin;Capucine
Sampson;Patrick
Caldwell;Jessica
Jacquot;Jules
Robbins;Andrew
Bertin;Thibaut
Potier;Hugues
Marion;Vincent
Martin;Thomas
Guyot;Philippe
Coste;Camille
Peterson;Wanda
Cooper;Ryan
Green;Andrew
Bruneau;Julien
Cohen;Jeanne
Tucker;Madeline
Campos;Angela
Legros;Paulette
Black;Amanda
Bouvier;Audrey
Hart;James
Chauvet;Emmanuelle
Devaux;Marthe
Morales;Jose
Ewing;James
Delannoy;Patrick
Cohen;Astrid
Robert;Bertrand
Meza;Marc
Maurice;Mathilde
Bertin;Élisabeth
Lejeune;Denise
Sauvage;Alphonse
Leleu;Camille
Perret;Alice
Bègue;Jeanne
Coffey;Michelle
Floyd;Jose
Fontaine;Sébastien
Gonzalez;Kayla
Fournier;Caroline
Jensen;Megan
Peterson;Erika
Villarreal;Sean
Menard;Laurence
Diallo;Aimé
Best;Vanessa
Lopez;Lisa
Cousin;Adèle
Martinez;Dana
Albert;Juliette
Masse;Philippine
François;Adèle
Pruvost;Nathalie
Jean;Laetitia
Garcia;Melody
Ramos;Miranda
Gros;Madeleine
Merritt;Jeff
Moreno;Christophe
Gonzalez;Thibaut
De Sousa;Mathilde
Pineau;Charles
Leduc;Antoinette
Dupuis;Isabelle
Charrier;Suzanne
Laroche;Maurice
Lee;Kristen
Flores;Tommy
Nelson;Laura
Mallet;Suzanne
Martin;Lisa
Mills;Darren
Payet;Henri
Perez;Benjamin
Hull;Victor
Wilson;Patricia
Simpson;Jose
Silva;Brian
Juarez;Tyrone
Allen;Beth
Daugherty;Andrew
Turner;Crystal
Besnard;Aurélie
Aubert;Marianne
Lawson;Barry
Wood;Lisa
Price;Nancy
Morales;Jeffrey
Leclercq;Bernadette
Gutierrez;Amanda
Couturier;Théodore
Perez;Gregory
Roux;Michelle
Johnson;Gabriel
Weiss;Rémy
Roussel;Margaux
Couturier;Claudine
Hooper;Adam
Pierre;Hortense
Williams;Michael
Morvan;Stéphane
Thompson;James
Wagner;James
Turner;Stephanie
Howard;Jeremy
Garza;Melanie
Robert;Frédérique
Mahe;Adèle
Miller;Richard
Dean;Jimmy
Raynaud;Anouk
Alexandre;Marthe
Robert;Antoinette
Nichols;Karl
Leblanc;Johnny
Clark;Scott
Logan;Jocelyn
Li;Sean
Letellier;Jérôme
Delahaye;Hortense
Delmas;Hugues
Harding;Terri
Rubio;Jeremiah
Hubert;Charlotte
Turner;Anthony
Gimenez;Paul
Ball;Megan
Carpentier;Émilie
Thomas;Cindy
Lemonnier;Paul
Lucero;Angela
Morales;Jennifer
Riley;Shannon
Gonzalez;Sarah
Costa;Inès
Rodgers;Melanie
Williams;David
Lewis;Corey
Samson;Diane
Williams;Julia
Lejeune;Clémence
Jourdan;Emmanuel
Williams;Regina
Martin;James
Sauvage;Christine
Riou;Sébastien
Sullivan;Debbie
Clément;Michelle
Adkins;Laura
Lévy;Guillaume
Nichols;Eric
Edwards;Yolanda
Robinson;Tara
Millet;Cécile
Picard;Patricia
Mathieu;André
Torres;Nathalie
Hall;David
Bertin;Franck
Cook;Joe
Leroux;Sophie
Jackson;Kevin
De Oliveira;Valentine
Lévêque;Zacharie
Jenkins;Amanda
Delmas;Diane
Wright;Justin
Guyot;Adrienne
Martinez;Anthony
Renaud;Jacques
Bernier;Brigitte
Martinez;Jenna
Myers;Tara
Jourdan;Guy
Marin;Auguste
Jacquot;Valérie
Alvarado;Heidi
Ward;Maria
Dumas;Théodore
Richard;Joséphine
Powers;Eric
Morgan;Timothy
Auger;Cécile
Sawyer;Elizabeth
Morin;Susanne
Braun;Kathy
Garnier;Astrid
Gillespie;Emily
Flores;Lisa
Marchal;Josette
Foucher;Élise
Da Costa;Auguste
Walsh;Albert
Perez;Zacharie
Richard;Benoît
Crawford;Timothy
Colas;Valentine
Sims;David
Hanson;Trevor
Vidal;Gérard
Dickson;Lauren
Miles;Ashley
Leroux;Pauline
Lebon;Colette
Green;Brandon
White;Yvonne
Jones;Timothy
Williams;Shelley
Bonnet;Bernadette
Castillo;Michael
Roger;Hortense
Fox;Derek
Hickman;Anthony
Rolland;Alexandre
Berthelot;William
Evans;Tony
Meunier;Camille
Tessier;Luc
Lawrence;Lori
Clerc;Hélène
Garcia;Guy
Raymond;Pauline
Jones;Cynthia
Bradford;Ashley
Chung;Nicole
Brock;Emily
Dijoux;Robert
Chartier;Margaud
Picard;Lucy
Pineau;Renée
Collin;Alexandrie
Avery;Gregory
Warren;Wendy
Wiley;William
Norman;Nathan
Munoz;Zacharie
Wyatt;Abigail
Williams;Jessica
Lecoq;Lucy
Faure;Jacques
Dupuis;Matthieu
Paul;Rachel
Labbé;Susan
Legros;Manon
Cox;Timothy
Delahaye;Denise
Berthelot;Thibault
Vaughn;Lisa
Patton;Bryan
Contreras;Courtney
Giraud;Catherine
Wang;Jason
Johnson;Kendra
Costa;Emmanuel
Cruz;David
Thierry;Zacharie
Sanchez;Tasha
Williams;Stacy
Millet;Éléonore
Collet;Brigitte
Adams;Annette
Hernandez;Heather
Hoarau;Jacques
Sullivan;Marc
Snyder;Hannah
Briand;Laure
Dupuy;Thérèse
Rossi;Tristan
Carlier;Claire
Renard;Henri
Boyd;Lisa
Lefèvre;Jeanne
Lindsey;Brian
Deschamps;Thérèse
Wilkinson;Mark
Michaud;André
Rousseau;Gabriel
Gonzalez;Angela
Cordier;Joseph
Pires;Joséphine
Monnier;Arthur
Parent;Dominique
Dupuy;Christiane
Garcia;Kim
Dumont;Christine
Delmas;Jacqueline
Holloway;Teresa
Tessier;Alice
Klein;Caroline
Dos Santos;Laure
Henry;Joseph
Lemaire;Mathilde
Jones;Danielle
Brown;Mary
Reyes;Justin
Harris;Robert
Da Costa;Capucine
Joubert;Bernard
Pruitt;Victoria
Dijoux;Isaac
Little;Rhonda
Smith;Bradley
Jordan;David
Randolph;Karen
Jourdan;Alfred
Barrett;Susan
Bouvier;Roger
Montgomery;Sara
Julien;Thérèse
Mathieu;Étienne
Russell;Marvin
Arnaud;Thibaut
Adams;April
Thomas;Zachary
Aubert;Bernadette
Gaines;Dawn
Faure;Thomas
Lebreton;René
Golden;Stephanie
Pierre;Sophie
Bourdon;Adélaïde
Roy;Alexandria
Pelletier;Laure
Buisson;Grégoire
Dijoux;Christelle
Rivière;Christophe
Thierry;Daniel
Breton;Luce
Gauthier;Stéphane
Charpentier;Arnaude
Schmitt;Tristan
Shepherd;Sherry
Barre;Marguerite
Eaton;Alicia
Day;Veronica
Diaz;Joshua
Schmidt;Jennifer
Baron;Manon
Sloan;Daniel
Flores;Abigail
Allard;Isabelle
Marchal;Jeannine
Gauthier;Gabrielle
Wilson;Melinda
Michaud;Antoine
Cruz;Deanna
Thompson;Brenda
Kennedy;Michael
Weber;Nicole
Descamps;Isaac
Young;Paul
Georges;Véronique
Pierre;Claude
Dijoux;Franck
Rémy;Hélène
Bell;Bailey
Johnson;Wendy
Ballard;Sonia
Lawrence;Dakota
Bourdon;Margaret
Blot;Gilles
Mccoy;Elijah
Ellis;Margaret
Hall;Victoria
Delmas;Martine
Jones;Sandra
Bazin;Antoinette
Collet;Lucie
Adam;Chantal
Graves;Gail
Curtis;Tonya
Gutierrez;Susan
Lecomte;Grégoire
Sullivan;Jennifer
Guérin;Émile
Sanchez;Laetitia
Nguyen;Matthew
Kelly;Daniel
Tapia;Jerome
Mcgee;Ryan
Pereira;Lorraine
Ross;Ashley
Carter;Timothy
Bass;Joshua
Hernandez;Katherine
Roche;Édouard
Harris;Michael
Ortega;Jennifer
Lecoq;Bertrand
Charles;Josette
Baron;Margaret
Marion;Anouk
Lemaire;Yves
Adams;Danielle
Lefort;Inès
Wallace;Bobby
Lacombe;Adélaïde
Johnson;Brian
Bender;Gary
Fuller;Sharon
Langlois;Pierre
Johnson;Melissa
Perez;Natalie
Ferrand;Nicolas
Hubert;Renée
Jacob;Benoît
Millet;Thibault
Martinez;Alice
Rolland;Isaac
Barre;Dominique
Bazin;Hortense
Marchand;Gabriel
Boulanger;Margaud
Gibson;Charlene
Raymond;Suzanne
Lamy;Louise
Smith;Michael
Porter;Jasmine
Georges;Christiane
Page;Shannon
Holmes;Kimberly
Laine;Marcelle
Masson;Margot
Monnier;Christelle
Gonzales;Joseph
Smith;Sean
Robinson;William
Lombard;Patricia
Mullen;Kenneth
Hudson;Stacey
Foster;Nathan
Green;Jonathan
Baker;Bradley
Smith;Robert
Fournier;Dorothée
Massey;Evelyn
Weaver;John
Rose;Christopher
Skinner;Kevin
Scott;Brenda
Chevalier;Arthur
Alves;Andrée
Walker;Donna
Renaud;Audrey
Alexandre;Suzanne
Masse;Andrée
Reed;Joshua
Norman;Christian
Mckay;Robert
Fernandez;Frédérique
François;Pénélope
Renault;Dominique
Salmon;Danielle
Germain;Alexandrie
Carpenter;Becky
Shah;Timothy
Teixeira;Virginie
Jones;Lisa
Shaw;Teresa
Jean;Julien
Maillet;Théodore
De Sousa;Jeannine
Buisson;Vincent
Skinner;Melinda
Léger;Zacharie
Fleury;Thibault
Tran;Wendy
Poirier;Tristan
Nguyen;James
Pasquier;Marianne
Hansen;Philip
Mills;Michael
Tanguy;Audrey
Sauvage;Chantal
Miller;Ian
Blot;Emmanuel
Adam;Martin
Fontaine;Constance
Gros;Arnaude
Woods;Melissa
Hernandez;Anthony
Aguilar;Thomas
Mills;Jennifer
Mcdonald;Richard
Bender;Debra
Kent;Sonya
Dixon;Walter
Michel;Josette
Bruneau;Vincent
Perez;Auguste
Charrier;Geneviève
Joly;Marc
Hunt;Richard
Payet;Dorothée
Bradford;Alexander
Martin;Benjamin
Martin;Aimée
Whitney;Breanna
Poulain;Jérôme
Roger;Georges
Arnold;Douglas
Hall;Deanna
Goncalves;Valérie
Curtis;Alexandria
Lynch;Michael
Martinez;John
Anderson;Roy
Allain;Laure
Sanders;Stephanie
Montoya;Wendy
Wilkinson;Christian
Lambert;Maggie
Campbell;Casey
Leclerc;Élise
Kelley;Tanner
Delaunay;Louise
Bailly;Raymond
Royer;Sébastien
Brown;Regina
Wilson;Joseph
Holloway;Michael
Fouquet;Adèle
Fowler;Janet
Baker;Melissa
Chevallier;Gérard
Lebon;Laure
Holloway;Dustin
Leclercq;Philippe
Joly;Tristan
Cohen;Théophile
Dyer;Mark
Cooley;Tanya
Ramos;Charlotte
Bertin;Henriette
Blanchard;Patricia
Caron;Marthe
Perret;Patrick
Davila;Brandon
Estrada;Isaac
Berthelot;Bernadette
Price;Ann
Harrison;Jesse
Gutierrez;Ashley
Guillon;Noël
Terrell;Tonya
Dixon;John
Sims;Frank
Fernandez;Brigitte
Sharp;Ebony
Jones;Mark
Dupuis;Alex
Marty;Susanne
Antoine;Gérard
Jacquot;Robert
Laroche;Noémi
Long;Crystal
Blot;Anastasie
Phelps;Danielle
Lee;David
Alexander;Holly
Hayden;Kathleen
Morgan;Karen
Jones;Jennifer
Frost;Craig
Evrard;Jeanne
Taylor;Jeffrey
Coleman;George
Perrot;Véronique
Brown;Deborah
Jacquet;Adrienne
Scott;Joshua
Hensley;John
Young;Sherry
Garcia;Adam
Laroche;Denis
Sanchez;Kyle
Durand;Claude
Davenport;Anna
Berry;David
Denis;Aimée
Ferguson;Christina
Weber;Aimé
Patton;William
Martin;Edward
Faivre;Gilbert
Carre;Paul
Devaux;Susanne
Courtois;Charles
Vaughn;Mary
Becker;Arthur
Williams;Michael
Hudson;Kathryn
Bousquet;Olivie
Oliver;David
Guilbert;Auguste
Hall;Lee
Marshall;Jo
Estrada;Casey
Bigot;Marcel
Curtis;Lisa
Perry;Sara
Boyer;Marianne
Coulon;Charles
Imbert;Philippe
Middleton;Donald
Thornton;Renee
Boone;Timothy
Da Silva;Céline
Spears;Victoria
Gay;Arthur
Esparza;Kristin
Pierre;Auguste
Costa;Noémi
Abbott;Charles
Vasseur;Isabelle
Tucker;Deanna
Walker;Brett
Smith;Raymond
Stevens;Chris
Barthelemy;Zoé
Edwards;Amber
Delaunay;Margaret
De Sousa;Édouard
Garner;Stephanie
Hill;Aaron
Herrera;Leslie
Pascal;Isaac
Salas;Samuel
Wallace;Megan
Stanton;Nancy
Barber;Christopher
Dumas;Manon
Nicolas;Cécile
Foster;Dave
Lesage;Sébastien
Joseph;Robert
Anderson;Jamie
Guyot;Léon
Mcdowell;Linda
Guerrero;Austin
Marshall;Yvette
Rivera;Samantha
Dennis;Craig
Diaz;Antoinette
Hicks;Robin
Hernandez;Arthur
Rivière;Benjamin
Perrier;Monique
Thomas;Isaac
Garcia;Vincent
Morel;Louis
Denis;Renée
Nichols;Wesley
Hebert;Zacharie
Weeks;Jeffrey
Jones;Jeffrey
Hernandez;Kimberly
Ball;Melissa
Higgins;Karen
Launay;Robert
Bell;Karina
Besson;Grégoire
French;Alan
Gay;Lucy
Murray;Renee
Lee;Jonathan
Harrison;Jeffrey
Kramer;Kirsten
West;Courtney
Giraud;Claudine
Gibson;Pamela
Kemp;Heather
Rousset;Marine
Benard;Élise
Rivas;James
Blackburn;Tammy
Gill;Mark
Foucher;Laurence
Martinez;Mason
Brunet;Benjamin
Jones;Brett
Chauveau;Jérôme
Prévost;Isabelle
Woodard;David
Chauvin;Eugène
Moreno;Jonathan
Verdier;Élodie
Chandler;Stanley
Regnier;Élodie
Boyd;Jill
Blair;Leonard
Sutton;Corey
Merle;Vincent
Haynes;Steven
Hendrix;Amanda
Lee;Hannah
Collet;Olivier
Chauvet;Céline
Menard;Louise
Boyer;Vincent
Perez;Agathe
Ferreira;Nathalie
Garcia;Michael
Anderson;Raymond
Georges;Laetitia
Le Goff;Hortense
Hall;Sean
Adkins;Tiffany
Jacquot;Arnaude
Besson;Christophe
Guillet;Grégoire
Goodman;Trevor
Wheeler;Laura
Franklin;Christian
Godard;Danielle
Perkins;Jeffrey
Gilbert;André
Villarreal;Mason
Taylor;Jeffrey
Johnson;Deanna
Little;Keith
Brooks;Cynthia
Willis;Brooke
Johnson;Frank
West;Hannah
Gallet;Claudine
Carter;Heather
Maillard;Adélaïde
Neveu;Anastasie
Potier;Théodore
Sanchez;Sharon
Charrier;Alix
Le Goff;Susanne
Henderson;James
Norman;Dana
Bell;Derek
Pelletier;Madeleine
Clarke;Crystal
Gonzalez;Melissa
Pottier;Roger
Martin;Brett
Perret;René
Moore;Andrew
Hoarau;Élisabeth
Stewart;Lindsay
Dickerson;Michael
Wilson;Anna
Hernandez;Jeffrey
Rivera;Bradley
Wilson;Kathleen
Zamora;Thomas
Rivera;Robin
Jones;Jose
Stewart;Michael
Merle;Marine
Lang;Jessica
Morel;Anastasie
Ferreira;Christelle
Liu;Amanda
Ferguson;Meghan
Gutierrez;Jonathan
Gaudin;Lucie
Masson;Jérôme
Hebert;Odette
Grondin;Gilles
Chauveau;Lorraine
Dubois;Marc
Rousseau;Benoît
Jacquot;Cécile
Peron;Michel
Laroche;Sylvie
Rodriguez;Michael
Blair;Benjamin
Clark;Phillip
Coste;Luce
Gauthier;Eugène
Fernandez;Virginie
Raynaud;Alexandre
Joubert;Thierry
Pelletier;Henriette
Bertrand;Charles
Jones;Jay
Perrot;Luc
Aubry;Émile
Brennan;Manuel
Phillips;Christopher
Wright;Tracy
Payne;Melissa
Hebert;Claude
Riddle;Jason
Chevallier;Olivier
Murillo;Chris
May;Joshua
Martin;Pamela
Morgan;Ariana
Mann;Edwin
Fabre;Marc
Marchand;Suzanne
Dumont;Stéphane
Gonzalez;Tammy
Perret;Paulette
Lombard;Marc
Garcia;Julie
De Sousa;Henriette
Collet;Amélie
Martinez;Jennifer
Foucher;Hugues
Parent;Théodore
Herrera;John
Harvey;Elizabeth
Petit;Michelle
Martel;Christophe
Jacquot;René
Philippe;Luc
Lefebvre;Mathilde
Roger;Inès
Ramos;Suzanne
Chauvin;Patricia
Da Silva;Christophe
Dupré;Alphonse
Lopez;Joséphine
Cruz;Patricia
Pages;Geneviève
Turpin;Maggie
Strong;Sarah
Miller;Sabrina
Miller;Stacy
Taylor;Sabrina
Bertrand;Roland
White;Patrick
Rich;Allison
Gibson;Luke
Le Goff;Diane
Cohen;Martin
Jordan;Justin
Roger;Alphonse
Robert;Étienne
Langlois;Catherine
Gilbert;Maggie
Frank;Joseph
Martineau;Adèle
Descamps;Charles
Garcia;Nicholas
Kelly;Ariana
Mercier;Franck
Green;Philip
Friedman;Calvin
Glenn;Ashley
Marchand;Grégoire
Morin;Nath
Gonzalez;Anouk
Delgado;Randy
Dias;Honoré
Boucher;Franck
Miller;Laurie
Hancock;Mary
Lemoine;Stéphanie
Masson;Brigitte
Bryan;Donna
Aubry;Dorothée
Williams;Tammy
Petit;Zacharie
Michel;Valentine
Gaudin;Théophile
Philippe;Julie
Kemp;Jessica
Watkins;Sean
Blanchet;Grégoire
Chauveau;Georges
Grondin;Éric
Guérin;Josette
Barton;Craig
Delattre;Noël
Baudry;Jean
Riou;Hugues
Caron;Victor
Lacroix;Simone
Gilbert;Yves
Letellier;Michèle
Jackson;Kim
Pierce;Drew
Li;Thomas
Bailey;Carla
Riou;Renée
Fowler;Brenda
Humphrey;Alyssa
Miller;Amber
Estrada;Nicholas
Armstrong;Dawn
Robinson;Terri
Rossi;Xavier
Da Costa;Marthe
Gonzalez;Roger
Goodman;Hannah
Allen;Jonathan
Durand;Léon
Hickman;Danny
Jourdan;Dominique
Stewart;Stephanie
Mclaughlin;Arthur
Maillot;Gérard
Berthelot;Adrien
Jarvis;Scott
Léger;Adrienne
Vaillant;Thibault
Marks;Jessica
Boucher;Susanne
Williams;Carol
Walton;Jerry
House;David
Lévêque;Benoît
Laporte;Margaud
Walker;Melinda
Castro;Susan
Gomez;Steven
Burch;Kara
Gomez;Bridget
Auger;Richard
Hebert;Laurent
Pages;Alexandre
Texier;Anastasie
Hansen;Tammy
Renaud;Gilbert
Patterson;Brad
Miller;Douglas
Ward;Nicholas
Ballard;Jose
Burns;Kelly
May;Rachel
Lebreton;Stéphane
Moreau;Anne
Bailly;Antoine
Santiago;Michelle
Price;Melinda
Patel;Richard
Roux;Zoé
Orr;Richard
Lefort;Jean
Perez;Yves
Johnson;Paul
Guerrero;Kristen
Rice;Anthony
Ollivier;Dominique
Reynolds;Ashley
Lemoine;Julie
Leconte;Bertrand
Petitjean;Emmanuel
Carter;Sabrina
Rodriguez;Todd
Wall;Evelyn
Klein;Rachel
Harris;Elizabeth
Estrada;Kari
Green;Heidi
Riou;Bertrand
Duval;Julien
Navarro;Simone
Christian;Kristine
Blanchet;Noémi
Breton;Gilles
Cruz;Michelle
Berthelot;Caroline
Moreau;Michelle
Aubert;Émile
Lelièvre;Camille
Hubert;Victoire
Bernier;Margot
Taylor;Michele
Giraud;Édith
Castillo;Deanna
Michael;Stephanie
Lejeune;Maryse
Hoarau;Isabelle
Clark;Victoria
Turner;Jimmy
Hendricks;Janice
Grondin;Margaud
Martin;Patrick
Wilson;Carrie
Pires;Margaret
Fox;Taylor
Ledoux;Marine
Schultz;Richard
Cummings;Matthew
Powers;Todd
Baron;Édouard
Laine;Marc
Pons;Thibaut
Luna;Ernest
Pittman;Isaac
Leclerc;Dorothée
Silva;Michael
Pottier;Marianne
Cunningham;Jody
Brown;Chloe
Newton;Terri
Julien;Geneviève
Philippe;Alice
Gonzalez;David
Allard;Margaud
Joubert;Maggie
Dillon;Colton
Delmas;Luc
Perry;Mary
Rey;Éric
Woods;Kayla
Silva;Madeline
Maréchal;François
Ribeiro;Corinne
Blair;Erik
Payne;Diane
Baudry;Geneviève
King;Jason
Irwin;Luis
Hill;Bradley
Evrard;Alain
Lemaire;André
Thibault;Marcelle
Marchand;Élisabeth
Ramirez;Bobby
Cantu;Tammy
Brown;Suzanne
Hebert;Isabelle
Vasseur;Maryse
Vaillant;Marc
Hernandez;David
Merle;Michelle
Gilbert;Steven
Morvan;Robert
Girard;Christine
Lagarde;Andrée
Smith;Laura
Thomas;Stéphanie
Guibert;Arthur
Nguyen;Luc
Wilson;Connie
Berthelot;Louise
Lopez;Whitney
Henry;Antoine
Menard;Adèle
Shepherd;Christopher
Gaudin;Stéphane
Julien;Virginie
Garcia;Pamela
Craig;Aimee
Moore;Justin
Martineau;Danielle
Boyer;Margaux
Wilson;William
Martin;Brian
Lefort;Louis
Bell;Ashley
Bousquet;Maryse
Morel;Théodore
Pierre;Jacques
Johnson;Suzanne
Thomas;Élise
Picard;Martin
Schmitt;Margot
Lacroix;Geneviève
Loiseau;Édith
Pineau;Margaud
Lopez;Tiffany
Jacquot;Alain
Brown;Craig
Mckee;Patricia
Roberts;Valerie
Germain;Henri
Perrot;Marcelle
Sanchez;Pauline
Boucher;Capucine
Velazquez;Evelyn
Evrard;Joseph
Barnes;Diana
Rodrigues;Thomas
Arnaud;Julie
Rivera;Amber
Ray;Linda
Yates;Tyler
Martin;Madeline
Gomez;Rebecca
Guillet;Agathe
Campos;Nathan
Daniels;John
Collin;Henriette
Robin;Étienne
Leroux;Astrid
Delaunay;Susanne
Cohen;François
Jacques;Zoé
Short;Margaret
Adkins;Michael
Aubert;Paulette
Brown;Henry
Ellis;Kevin
Jones;Nicholas
Perez;Lindsay
Gross;Paige
Pichon;Geneviève
Moreau;Agathe
Blondel;Aimée
Pinto;Grégoire
Clerc;Laurent
Bernard;Claudine
Johnson;Philip
Johnson;Anthony
Antoine;Guy
Howard;Lee
Moulin;Honoré
Martinez;Katherine
Merle;Patricia
Devaux;Jeanne
Philippe;Adrienne
Shaffer;Jason
Collins;Rebecca
Potier;Julien
Dunn;Justin
Lewis;Ashlee
Alexandre;Audrey
Jackson;Kristina
Raymond;Thibault
Étienne;Gilles
Rémy;Andrée
Rodriguez;Alfred
Hoffman;Eric
Gonzalez;James
Pierce;Harry
Gros;Stéphane
Foucher;Yves
Vincent;Théophile
Vargas;Cynthia
Ross;April
Langlois;Philippine
Chauveau;Gérard
Barthelemy;Josette
Couturier;Jacques
Roux;Cécile
Davis;Cheryl
Andre;Bernadette
Hernandez;Nathalie
Dupuis;Capucine
Faivre;Étienne
Ray;Felicia
Roy;Océane
Renault;Élodie
Smith;Tara
Didier;Anouk
Weiss;Rémy
Olivier;Yves
King;Nathan
Cunningham;William
Pham;Michelle
Albert;Andrée
Launay;Nath
Roger;Philippe
Dufour;Cécile
Benson;Andrea
Carre;Hélène
Valentin;Amélie
Pasquier;Pénélope
Lemaire;Timothée
Hoareau;Édith
Jean;Dorothée
Suarez;Benjamin
Hoareau;Virginie
Kirby;Amanda
Faivre;Diane
Renault;Victor
Leblanc;Christophe
Kelley;Elizabeth
Laporte;Aimé
Bennett;Jessica
Dufour;Pierre
Lynch;Marcia
Price;Andrea
Austin;Danielle
Smith;Matthew
Savage;Laurie
Hubert;Lorraine
Davis;Maria
Kaiser;Brittany
Le Gall;Pénélope
Murray;Kelly
Everett;Christine
Smith;Tony
Leduc;Michelle
Hill;Scott
Bousquet;Charlotte
Austin;John
Jones;Michelle
Brun;Laetitia
Ramos;Frédéric
Alvarez;Joseph
Joyce;Duane
Moses;Gary
Smith;Laura
Masson;Thierry
Shelton;Julie
Summers;William
Simmons;Elizabeth
Flowers;Jose
Guillot;Lucas
Antoine;Emmanuel
Watson;Luis
Benard;Mathilde
Taylor;Debra
Charles;Rémy
Hines;Jennifer
Morel;Frédéric
Benoit;Alexandrie
Bodin;Matthieu
Zuniga;Hannah
Cohen;Anaïs
Hoarau;Brigitte
Powers;Michael
Phillips;Virginia
Duhamel;Geneviève
Simon;Dominique
Jacobs;Deborah
Pineau;Céline
Mendoza;Joel
Martins;Amélie
Wood;Cheryl
Herman;Lori
Gomes;Clémence
Stephens;Lisa
Breton;Sabine
Fouquet;Diane
Barbier;Cécile
Gilles;Thomas
Toussaint;Margaud
Price;Edward
Mercier;Paul
Techer;Alain
Royer;Jeannine
Ramos;François
Walker;Tracy
Meunier;Adèle
Renard;Bernadette
Lambert;Jean
Pons;Franck
Mccarty;Jason
David;Inès
Klein;Stéphanie
Chauvet;Martine
Sanchez;René
Knight;Matthew
Baudry;Adrienne
Cook;Gail
Jones;Amanda
Kaiser;Michael
Mallet;Georges
Pons;Alexandre
Traore;Diane
Brown;Larry
Caron;Joseph
Delahaye;Anastasie
Blanchet;Astrid
Johnson;Rachel
Martin;Stephen
Barton;Charles
Ruiz;Benjamin
Weber;Nathan
Hubert;Claude
Hood;Tina
Laine;Antoine
Hardy;Lauren
Foucher;Corinne
Collin;Alice
Traore;Alexandrie
Williams;Mary
Perrot;Zoé
Launay;Jeanne
Nelson;Travis
Lelièvre;Jacqueline
Da Silva;Patrick
Couturier;Martine
Joubert;Auguste
Pittman;Michael
Moss;Jeffrey
Dupuis;Pénélope
Ryan;Aaron
Mace;Gilbert
Sullivan;Travis
Charrier;Élisabeth
Jackson;Justin
Hughes;Jonathan
Lara;Natalie
Travis;Sarah
Obrien;Jennifer
Coffey;Brenda
Morris;Rebecca
Osborne;Tony
Delahaye;Gabriel
Martin;Jeremiah
Holloway;Michael
Edwards;Christine
Adams;Shelley
Dijoux;Jean
Guillet;Mathilde
Berger;Martha
Mann;Maria
Oliver;Walter
Thompson;Vanessa
West;Brenda
Saunders;Corey
Roussel;Augustin
Peron;Alphonse
Gutierrez;James
Muller;Honoré
Guilbert;Thérèse
Maréchal;Zacharie
Lee;Diana
Herrera;Gabrielle
Blanc;Christophe
Sanchez;Adam
Mercier;Robert
Gonzalez;Clémence
Barrett;Jamie
Garcia;Michelle
Fouquet;Rémy
Ferrand;Marc
Zimmerman;Catherine
Moran;Alexandra
Hardy;Lucas
Bowers;Jamie
Bryan;Donna
Phillips;Michele
Bègue;Hugues
Dunlap;Linda
Johnson;Janet
Bradley;Peter
Davidson;Cynthia
Camus;Zacharie
Graham;Michelle
Boyle;Kathryn
Wagner;Michael
Gilles;Camille
Moore;Wyatt
Ruiz;Douglas
Mace;Anastasie
Dupont;Nicolas
Fisher;Jacqueline
Parent;Jeannine
Cunningham;Emily
Arnold;Gina
Bonneau;Célina
Philippe;Thibaut
Godard;Alex
Rodrigues;Sabine
Stone;Dwayne
Hobbs;Sherry
Lefort;Valérie
Clark;Tammy
Fletcher;Sophia
Maxwell;Jonathan
Texier;Christelle
Bernard;Catherine
Armstrong;Karen
Haynes;Rhonda
Goncalves;Constance
Porter;Carla
Hamilton;Bryan
Gomez;Jesse
Patrick;Matthew
Clément;Raymond
Simpson;Savannah
Guichard;Rémy
Cook;Jennifer
Walters;William
Regnier;Jules
Cordier;Astrid
Dufour;Hortense
Cunningham;Benjamin
Ellis;Laura
Fitzgerald;Benjamin
Aubry;Juliette
Hamilton;Alejandro
Nunez;Sarah
Hampton;Mary
Marchand;Bernadette
Miller;Danielle
Contreras;Charles
Ruiz;Gilles
Ramirez;Jerry
Davis;Jeremy
Mora;Gregory
Legrand;Dorothée
Ruiz;Marthe
Ramirez;Amanda
Rodriguez;Joanna
Harris;Misty
Galvan;Robert
Bruce;Ashley
Lombard;Luce
Simmons;Douglas
Brandt;Nancy
Delaunay;Célina
Legendre;Margaret
Chauvin;Adrien
Curtis;Julie
Martin;Ashley
Norris;Donald
Cain;David
Chrétien;Benoît
Johnson;Carolyn
Martin;Danielle
Loiseau;Margaret
Salazar;Laura
Dupré;Lucas
Contreras;Calvin
Bourgeois;Margot
Guzman;Leah
Johnson;Scott
Daniel;Cynthia
Ribeiro;Caroline
Ramirez;Ryan
Mary;Alphonse
Clark;John
Horton;Ian
Guillon;Théophile
Jacquet;Lorraine
Herman;James
Ray;Kelly
Bernier;Patricia
Chauvin;Jeannine
Moore;Harry
Barron;Monica
Roussel;Margaux
Lebon;Gilbert
Patel;Stacey
Étienne;Bertrand
Taylor;Timothy
Martin;Denise
Jackson;George
Faure;Victor
Royer;Valérie
Robert;Philippe
Bailey;Lynn
Wilson;Brianna
Leleu;Sophie
Torres;Devon
Berthelot;William
De Sousa;Susanne
Marin;Élodie
Harris;Tiffany
Lecomte;Denise
Fontaine;Vincent
Watson;Kenneth
Rivière;Danielle
Allen;Brandy
Jenkins;Virginia
Jones;Brittany
Duhamel;Joséphine
Hill;Christopher
Garcia;Raymond
Lloyd;Patrick
Guillot;Roger
Olsen;Vincent
Hanson;Peter
Sparks;Kyle
Mathieu;Sophie
Arnold;Steven
Goncalves;Raymond
Lopes;Alex
Jennings;Thomas
Stephens;Michael
Raymond;Anastasie
Hunt;Rachel
Bailey;Shannon
Vaillant;Alain
Carr;Travis
Robin;Simone
Lopez;William
Marques;Louis
Léger;Rémy
Valette;Gilbert
Evans;Curtis
Booth;Thomas
Navarro;Michael
Dijoux;Nicolas
Cooper;Bradley
Torres;Geneviève
Moulin;Olivie
Collins;Luis
Cruz;Andrea
Paul;Sébastien
Rémy;Antoinette
Pugh;Sandra
Devaux;Céline
Coleman;Tyler
Chavez;Carlos
Roux;Arthur
Teixeira;Henriette
Roy;Adèle
Calderon;Teresa
Allison;Sue
Lefebvre;Audrey
Costa;Lori
Millet;Inès
Renault;Frédéric
Delahaye;Nicolas
Simmons;Derrick
Grondin;Susan
Ollivier;Yves
Colin;Benjamin
Schneider;Matthieu
Besnard;Nath
Da Costa;Clémence
Fields;Andrew
Davis;Nicole
Joseph;Jacqueline
Oliver;Megan
Downs;Jenny
Valencia;Taylor
Delattre;Antoine
Humbert;Charles
Thompson;Matthew
Jones;Robin
Caron;Claudine
Reynaud;François
Campbell;David
Bègue;Claudine
Silva;Anna
Wilson;Andre
Charpentier;Victor
Mary;Alphonse
Briand;Maryse
Bennett;Carl
Smith;Elizabeth
Tessier;Maryse
Gilmore;Ryan
Léger;Henri
Bruneau;Christophe
Evans;Brian
Moran;Emily
Mercier;Nath
Georges;Jeanne
Gaillard;Danielle
Dunn;Randy
Sauvage;Luc
Hervé;Charlotte
Lejeune;Arnaude
Crawford;Paul
Jacquot;Benoît
Boulay;Céline
Perez;Adrien
Gallet;Antoinette
Farrell;Andrea
Davis;Renee
Clark;Christina
Young;Lauren
Hill;Geoffrey
Martineau;Christophe
Hughes;Michael
Louis;Dorothée
Castillo;Rebecca
Potier;Thérèse
Gautier;Thérèse
Marques;Anne
Bond;Shawn
Stephenson;Erin
Padilla;Christopher
Marion;Luce
Ho;Lydia
Turner;Jennifer
Maréchal;Chantal
Jones;Brian
Patterson;Johnny
Thomas;Robert
Le Roux;Virginie
Ramos;Françoise
Hall;James
Colin;Emmanuelle
Hawkins;Matthew
Carroll;Lisa
Lefebvre;Valentine
Léger;Christophe
Hamilton;Kristin
Fleury;Christophe
Antoine;Philippe
Riou;Vincent
Ray;Jeffrey
Lam;Wesley
Rice;William
Denis;Thibaut
Pires;Marguerite
Rey;Marianne
Jones;Brenda
Lebrun;Mathilde
Johnson;Christopher
Lawrence;Jonathan
Morris;Sharon
Stephenson;Carolyn
Riou;Colette
Oconnell;Daniel
Allard;Astrid
Evrard;Marcelle
Blin;Guy
Chauvin;Émilie
Woods;Jason
Sandoval;Michael
Roth;Kevin
Pons;Julie
Gauthier;Antoine
Guichard;Alexandrie
Delattre;André
Wood;Cody
Roux;Agathe
Aguilar;Gerald
Thomas;Noël
Bell;Ashley
Legrand;Stéphane
Graham;Ashley
Garcia;Jean
Dupré;Daniel
Delahaye;Alex
Hudson;Christine
Gibson;James
Samson;Marthe
Lee;Linda
Adams;James
Andersen;Lisa
Smith;John
Delmas;Guy
Cousin;Luc
Morales;Gregory
Thompson;Connie
Wilson;Denise
Campbell;Cynthia
Shelton;Shawn
Francis;Ryan
Golden;Mary
Grenier;Sylvie
Scott;Diane
Davis;Melissa
Faure;Sébastien
Bonneau;Étienne
Bouvier;Alain
Ruiz;Andrée
Graham;Grace
Gérard;Diane
Oliver;Nichole
Clément;Agathe
Kennedy;Lori
Hart;Kelly
Joseph;Marvin
Pitts;Jonathan
Ollivier;Laurent
Evrard;Thérèse
Blanchet;Véronique
Wolf;Paul
Rodriguez;Christopher
Buisson;Richard
Gordon;Tiffany
Hamilton;Lisa
Collins;Douglas
Peterson;Katherine
Petitjean;Cécile
Davis;Douglas
Rogers;Kathryn
Delaunay;Alfred
Wilson;Derek
Arnold;Heather
Williams;Jake
Bernier;Monique
Morel;Nathalie
Antoine;Lucas
Seguin;Adrienne
Boucher;Georges
Gros;Richard
Poulain;Brigitte
Grenier;Éric
Gonzalez;Brandi
Gordon;Stephanie
Guyon;Alfred
Bryant;Michael
Colas;Renée
Taylor;Michael
Neveu;Simone
Louis;Simone
King;Patricia
Schmitt;Bernard
Buisson;Valérie
Hayes;Ian
Pierce;Adam
Brown;Megan
Guyon;Juliette
Faure;Gilles
Guillet;Marcel
Kennedy;Amanda
Evrard;Isaac
Baudry;Danielle
Williams;Hector
Howard;Gerald
Caron;Victor
Gimenez;Yves
Copeland;Gregory
Chase;Megan
Coulon;Anastasie
Lopez;Rhonda
Chauveau;Philippine
Martin;Maggie
Reed;James
Pruvost;Agathe
Carroll;Ryan
Chavez;Samantha
Webb;Colton
Gomez;Élodie
Martinez;Kyle
Lamy;Marcel
Perez;Lucy
Guilbert;Sabine
Gaudin;Caroline
Rousset;René
Becker;Jeannine
Adam;Agnès
Smith;Shelly
Brown;Jennifer
Peterson;Jason
Charrier;Victoire
Raymond;Thérèse
Carpentier;Marcelle
Gros;Renée
Parker;Sean
Valencia;Thomas
Thompson;Ashley
Roger;Danielle
Torres;Gabriel
Mary;Margaud
Parker;David
Miller;Nicholas
Jones;Sheila
Leconte;Cécile
Gomez;Céline
Williams;Jorge
Gillet;Théophile
Byrd;Jessica
Gauthier;Danielle
Bourgeois;Alex
Hall;John
Olsen;Anita
Williams;Vincent
Austin;Katherine
Aubry;Thibaut
Charles;Agnès
Dumas;Adélaïde
Griffin;John
Norton;Barbara
Auger;Nathalie
Howard;Rachel
Alexandre;Patrick
Koch;Marilyn
Munoz;Eugene
Lopes;Denis
Miller;Steven
Rodriguez;Elizabeth
Wilson;Justin
Diallo;David
Caldwell;Renee
Rangel;Cheryl
Phillips;Lisa
Tessier;Catherine
Wells;Jacob
Delannoy;Zacharie
Descamps;Michelle
Morel;Inès
Jean;Suzanne
Marin;Joseph
Knight;Gabriela
Martin;Matthew
Blin;Olivie
Terry;Monique
Patton;Jeffrey
Costa;Suzanne
Wilson;Kimberly
Lecoq;Emmanuel
Evans;Patrick
Benard;Caroline
Gutierrez;Vincent
Leblanc;Luc
Richards;Christina
Renault;Hugues
Strong;Devin
Hansen;Gregory
Carpenter;Lauren
Goncalves;Océane
Blankenship;Katrina
Cooper;Danny
Gonzalez;Donna
Ramirez;Karen
Michaud;Daniel
Coulon;Anaïs
Boyer;Victoire
Baker;David
Myers;Natalie
Peterson;Brittany
Morvan;Margaux
Moulin;Dorothée
Huet;Suzanne
Fletcher;William
Obrien;John
Richards;Samuel
Regnier;Adrienne
Hunt;Vincent
Gonzalez;Céline
Acosta;Kimberly
Wells;Jeffery
Clark;Michelle
Jacob;Bernadette
Wallace;Brandon
Smith;Jorge
Hamon;Matthieu
Grondin;David
Hunt;Antonio
Jones;Elizabeth
Costa;Luce
Marin;Nath
Da Silva;Édith
Green;Holly
James;Rachel
Da Silva;Alix
Pineau;Martine
Roberts;Brianna
Vaillant;Jeanne
Regnier;Aimé
Price;Tara
Langlois;Benoît
Jones;Thomas
Pearson;Diane
Toussaint;Michèle
Moore;Alyssa
Sampson;Mary
Simmons;Susan
Vaillant;Diane
Martin;Mia
Baron;Susan
Stewart;Thomas
Stevens;Gary
Hayes;Barbara
Bowers;Carl
Denis;Constance
Perez;David
Owen;Jessica
Brown;Laura
Parker;Erin
Lagarde;Odette
Paul;Todd
Mace;Augustin
Peck;Janice
Georges;Raymond
Perrin;Margot
Blondel;Margot
Antoine;Olivier
Poulain;Jeanne
Benoit;Roger
Hernandez;Courtney
Marquez;Scott
Laine;Victoire
Hoareau;Guillaume
Sanchez;Matthieu
Horton;Derek
Devaux;René
Pinto;Tristan
Williams;April
King;Kenneth
Clayton;Nancy
Michel;Simone
Foucher;Daniel
Watson;Heather
Berger;Michael
Campbell;Ashley
Murray;Elijah
Lemoine;Renée
Diallo;Valérie
Barber;Caleb
Chauvet;Émilie
Gomez;Philippine
Proctor;Keith
Lam;Joshua
Moreau;Isaac
Chavez;Judith
Jacobs;Albert
Letellier;Adèle
Guzman;Amy
Dupont;Frédéric
Guillon;Charles
Godard;Timothée
Camacho;Raymond
Le;Ryan
Fisher;Ryan
Benoit;Antoinette
François;Roger
Lacroix;Christine
Neal;Katie
Shepherd;Tracy
Bray;Randy
Gamble;April
Michel;Sophie
Julien;Sabine
Sweeney;Jesse
Laporte;Astrid
Odom;Allison
Goodwin;Eric
Aubert;Françoise
Olson;Billy
Salinas;Carmen
Léger;Frédéric
Howe;Sarah
Meunier;Augustin
Gallagher;Anthony
Nicolas;Charles
Daniel;Roland
Garza;Nichole
Harper;Noah
Lindsey;Ralph
Weeks;Kimberly
Craig;Michele
Lefort;Andrée
Bouchet;Margaux
Bertrand;Alexandrie
Dawson;Samuel
Letellier;Jules
Mack;Lisa
Vincent;Simone
Leclerc;Victor
Gay;Alphonse
West;Michelle
Johnston;Justin
Chauvin;Pénélope
Mcdowell;Tracy
Descamps;Antoine
Page;Stanley
Harris;Craig
Le Gall;Monique
Blondel;Dorothée
Gallet;Aimé
Dougherty;Joel
Verdier;Marguerite
Guichard;Simone
Leclercq;Aurore
Moyer;Lindsay
Valette;Gilbert
Hodges;Heather
Brown;Christopher
Girard;Élisabeth
Prévost;Édith
Clerc;Marianne
Cousin;Édouard
Maillot;Maryse
West;Michele
Baron;Éric
Pelletier;Camille
Pages;Clémence
Neal;Wendy
Letellier;Patrick
Morin;Vincent
Delannoy;Édouard
Grimes;Courtney
Pascal;Marine
Vallet;Denis
Hammond;Kathryn
Verdier;Stéphane
Brunet;Suzanne
Moreau;Nathalie
Lemonnier;André
Berger;Thierry
Vidal;Catherine
Bourgeois;Léon
Adams;Sandra
Walter;Jon
Bodin;Emmanuelle
Rivière;Margaud
Renault;Benoît
Beltran;Jeremy
Guilbert;Claire
Mitchell;Kristina
Smith;Patrick
Gosselin;Gilbert
Kennedy;Mitchell
Mace;Thierry
Gutierrez;Megan
Graham;Christian
Millet;Manon
Parent;Jacqueline
Rodriguez;David
Harris;Joel
Marques;Jacqueline
Roux;Nicole
Fuller;Derek
Berger;Thierry
Ware;Kimberly
Toussaint;Martine
Johnson;John
Peltier;Denise
Lesage;Diane
Labbé;Alice
Salmon;Théodore
Hendrix;Gail
Laroche;Christelle
Navarro;Henriette
Dupuy;Geneviève
Blackwell;Jose
Bousquet;Théophile
Daniels;Tiffany
Maury;Célina
Ribeiro;Stéphane
Small;Kevin
Bousquet;Léon
Dominguez;Paul
Fernandez;Cécile
Singleton;Stacey
Bègue;Laure
Dumont;Mathilde
Blanchard;Caroline
Cohen;Aimé
Lefèvre;Jacqueline
Logan;Jamie
Sampson;Sonya
Ferguson;Margaret
Lane;Donna
Barre;Catherine
Hebert;Corinne
Royer;Aimé
Bernier;Denise
Carre;Inès
Bouvet;Camille
Crane;Julian
Masson;Geneviève
Foley;Daniel
Legros;Léon
Ferguson;Nicole
Crawford;Peter
Swanson;Allen
Diaz;Pierre
Rousseau;Alexandria
Coste;Michèle
Coffey;John
Colas;Raymond
Baudry;Valentine
Morvan;Thibaut
Alvarado;Jerry
Howard;Erica
Raymond;Thomas
Gomez;Agnès
Marquez;Cody
Williams;Ryan
Alvarado;Wanda
King;Taylor
Roussel;Thérèse
Maurice;Xavier
West;Amanda
Hardy;Luc
Renault;Sophie
Grégoire;Auguste
Hartman;Adam
Richardson;Toni
Marie;Denise
Baxter;Anna
Cohen;Isaac
Verdier;Océane
Salinas;Daniel
Leroux;Marcelle
Legrand;Tristan
Jacob;Sabine
Garcia;Michael
Le Roux;Léon
Renard;Rémy
Michaud;Louise
Alexandre;Matthieu
Guyot;Chantal
Faivre;Cécile
Lamy;Michelle
Conway;Calvin
Rossi;Alfred
Santos;Alan
Parker;Brian
Baron;Margot
Oconnell;Gregory
Chavez;David
Lagarde;Pierre
Lopes;Denis
Gordon;Jason
Paris;Anne
Bell;Laura
Pelletier;Margot
Bryant;Donald
Carney;Patricia
Franklin;Jennifer
Freeman;Margaret
Thomas;Élodie
Barnes;Tiffany
Decker;Joseph
Nguyen;Susan
David;Édouard
Ramos;Lorraine
Thierry;Jean
Schroeder;Michael
Letellier;Daniel
Maurice;Paulette
Pons;Valérie
Fischer;Holly
Leclercq;Marthe
Pratt;Joseph
Kirby;Kevin
Finley;Randall
Mendoza;Susan
Noël;Corinne
Albert;Alexandria
Ray;William
Daugherty;Brendan
Gay;Jean
Hubert;Marie
Roger;Jean
Guillou;Michèle
Gallagher;Devon
Pierce;Roger
Gay;Alice
Espinoza;Samantha
Pichon;Bertrand
Vallée;Clémence
Hull;Kimberly
Bouvier;Alphonse
Carre;Gilbert
Cole;Patrick
Martin;Robert
Dufour;Claudine
Munoz;Richard
Cohen;Timothée
Harrell;Julie
Raymond;Roland
Wagner;Laure
Gomes;Michelle
Perret;Chantal
Haynes;Daniel
Breton;Cécile
Lecoq;Hugues
Paul;Marcelle
Mccormick;Lisa
Gonzalez;Toni
Leleu;Claudine
Bigot;Aimé
Dufour;Émilie
Pineau;Margaux
Lemonnier;Emmanuelle
Perez;Catherine
Wilcox;Ryan
Erickson;Amanda
Ferreira;Alice
Gautier;Joseph
Joly;Isaac
Dias;Guillaume
Regnier;Christophe
Techer;Marianne
Scott;Mark
Menard;Simone
Murphy;Elizabeth
Martinez;Brian
Franklin;Roger
Guichard;Gabriel
Williams;Joseph
Georges;Nathalie
Watson;Marcus
Anderson;Misty
Bernard;Margot
Tucker;Bryan
Humbert;Marguerite
Lebrun;Lorraine
Kennedy;Cynthia
Bazin;Roland
Jackson;Gregory
Richards;Sarah
Le Roux;Lucy
Loiseau;Aurore
Lecomte;Théodore
Brun;Tristan
Masse;Nicolas
Rey;Nicole
Collins;Margaret
Gallet;Marcel
Pichon;Christiane
Schneider;Audrey
Louis;Danielle
Taylor;Reginald
Jackson;Shawn
Johnson;Shelby
Dias;Noémi
Brunel;Olivie
Fouquet;Emmanuel
Reid;Jessica
Teixeira;Margaret
Verdier;Denis
Merle;Élisabeth
Moreau;Victor
Black;James
Cuevas;Taylor
Mcpherson;Carla
Gutierrez;Heather
Johnson;Abigail
Michaud;Henri
Browning;Patrick
Odom;Kyle
Petit;Roland
Gonzalez;Aimée
Jones;Ronald
Johnson;Jacqueline
Gallet;Roland
Taylor;Kelly
Gillet;Julie
Philippe;Astrid
Mcfarland;Christopher
Durand;Aurélie
Vaillant;Laurent
Harper;Carol
Bonnin;Sébastien
Maldonado;Janice
Campbell;Kimberly
Regnier;Laurence
Marchal;Alexandria
Martinez;Hannah
Neveu;Maryse
Boyd;Douglas
Ribeiro;Aimé
Hays;Jacqueline
Sullivan;Christopher
Myers;Larry
George;Linda
Pelletier;Émile
Payet;Simone
Renaud;Louis
Aubert;Guillaume
Briand;Nath
Johns;Cindy
Caron;Juliette
Curtis;Evelyn
Merle;Roland
Bernard;Margaret
Ramos;Mark
Bouvet;Franck
Michaud;Aurélie
Kemp;Laura
Mendès;Dominique
Deschamps;Danielle
Evans;Brittany
Cook;Thomas
Rémy;Anastasie
Castro;Barbara
Hernandez;Edward
Velazquez;Claire
Cook;Angela
Turpin;Guy
Bailly;Roger
Stevens;Jaime
Cohen;Brigitte
Gros;Gilbert
Lelièvre;Valentine
Bouvier;Caroline
Lemoine;Étienne
Martinez;Jeffrey
Vasquez;Joseph
Park;Katherine
Reeves;Jennifer
Munoz;Raymond
Hoarau;Olivie
Waters;Hailey
Petty;Jennifer
Velez;Jesus
Camus;Luc
Lamy;Zacharie
Faivre;Audrey
Sanders;Stacey
Lebon;Geneviève
Bègue;Nath
Boutin;Catherine
Maurice;Gabrielle
Richardson;Michael
Caron;Anne
Bigot;Édith
Martel;Marthe
Dumont;Alphonse
Martin;Dean
Letellier;Jules
Wilcox;Tara
Perrier;Chantal
Delahaye;Aimée
Coulon;Marguerite
Huet;Guy
Gonzalez;Melissa
Robinson;Nicole
Boyer;Christiane
Andre;Étienne
Leblanc;Nathalie
Mercer;Lauren
Mary;Virginie
Collins;Melissa
Shaffer;Larry
Roberts;William
Gay;Amélie
Edwards;Jeffery
Lemonnier;Raymond
Navarro;Tristan
Stevens;Ryan
Sullivan;Jeffrey
Perez;Taylor
Schaefer;Kathleen
Joly;Louis
Wilcox;Glenn
White;Stacey
Marin;Danielle
Pinto;Célina
Costa;Trevor
Fournier;Inès
Munoz;Emmanuelle
Texier;Alain
Noël;Christiane
Ross;Jamie
Bousquet;Nicolas
Richardson;Andrew
Burch;Alicia
Carter;David
Ray;Michelle
Hill;David
Smith;Joel
Michel;Zacharie
Boulanger;Audrey
Lelièvre;Amélie
Navarro;Matthieu
Breton;Marthe
Ellison;Melissa
Baron;Pauline
Bean;Taylor
Hervé;Pauline
Fox;Christopher
Petit;Édouard
Bourgeois;Maurice
Wright;Maurice
Jackson;Maxwell
Vaillant;Chantal
Weber;James
White;Autumn
Scott;Alicia
Wright;Julie
Schneider;Bertrand
Turpin;Sophie
Alves;Charles
Pottier;Claire
Lee;Matthew
Gill;Brian
Reeves;Brianna
Parks;Robert
Thomas;Zoé
Miller;Alejandra
Walker;Tammy
Hamel;Marine
Lee;Martin
Carr;Amber
Perez;Ryan
Lucas;Denis
Travis;Donald
David;Mathilde
Martinez;Beverly
Coleman;Austin
Millet;Henriette
Leduc;Dominique
Guillaume;Maurice
Collet;Adélaïde
Davis;Richard
Cohen;Aimé
Thompson;Douglas
Bryan;Amanda
Buisson;Michelle
Paul;Olivier
Morvan;Éléonore
Owens;Jonathon
Poulain;Sabine
Roussel;Laurence
Barthelemy;Martin
Pires;Laure
Guillot;Henriette
Blanchard;Thérèse
Cooper;Craig
Tucker;Cassandra
Sullivan;Joshua
Georges;Suzanne
Gaillard;Isabelle
Perrot;Olivie
Lejeune;Alexandre
Mcclain;Catherine
Briand;Augustin
Hernandez;Emily
Antoine;Célina
Tate;Robert
Mays;Jacqueline
Wilson;Patricia
French;Timothy
Bouvet;Susanne
Adkins;Rita
Rice;Jamie
Faivre;Valentine
Caron;Marcel
Dijoux;Manon
Boutin;Thierry
Hughes;Daniel
Klein;Matthieu
Foucher;Paulette
Delacruz;Emily
Booker;Isaac
Cline;Billy
Miller;James
Courtois;Sophie
Hoareau;Amélie
Jackson;Andrea
Stein;Bridget
Poulain;Margaret
Chandler;Christopher
Bodin;Célina
Ayers;Charlene
Le Gall;Margot
Louis;Cécile
Kidd;Donna
Zimmerman;Susan
Martinez;Jesus
Dupré;Zoé
Robertson;Eddie
Smith;Sharon
Jones;Melissa
Pierre;Nicole
Garcia;Anthony
Harris;Jackie
Bonneau;Josette
Hamon;Michelle
Lelièvre;Guy
Denis;Sabine
Byrd;Timothy
Murphy;Jeremy
Jones;Amanda
Wright;Jason
Carpenter;Nichole
Jones;Victoria
Fabre;Frédérique
Samson;Amélie
Salmon;Manon
Perrot;Lucy
Ashley;Samantha
Hoarau;Pauline
Fields;Manuel
Lacombe;Adrienne
Mary;Zacharie
Durand;Jacques
Wilson;John
Georges;Alex
Leconte;Marine
Lombard;Benjamin
Benard;Patrick
Jones;Cynthia
Mckee;Donna
Louis;Antoinette
Trujillo;Stacey
Richardson;Michael
Clark;James
Gonzalez;Kathleen
Delmas;Jean
Picard;Aurore
Harris;Amber
Kelly;Mary
Nolan;Melissa
Bonneau;Luce
Scott;Susan
Maillet;Manon
Barthelemy;Anaïs
Chauveau;Marianne
Delahaye;Capucine
York;Elizabeth
Long;Rhonda
Lewis;Sabrina
Lopez;Charles
May;Andrea
King;Marie
Franco;Nancy
Tucker;Jay
Mary;Victoire
Miller;Carlos
Devaux;Anaïs
Chauvet;Emmanuelle
Fox;Jesse
Martin;John
Pelletier;Raymond
Thibault;Emmanuelle
Mitchell;Michelle
Riou;Adèle
Pierre;Nicole
Wright;Alexander
Munoz;Valérie
Bennett;Kevin
Watson;Meredith
Dias;Honoré
Raymond;Raymond
Rousset;Lucie
Brown;Tyler
Choi;Carol
Guillaume;Luc
Frank;Valerie
Benjamin;Tracy
Duval;Jeannine
Jean;Thomas
Vasseur;Sébastien
Jackson;Amy
Olson;Misty
Fontaine;Benoît
Cox;Danielle
Jackson;Dawn
Barbier;Constance
Joseph;Agathe
Johnson;Richard
Harrington;Wanda
Cook;Matthew
Benard;Gabrielle
Ramos;Amanda
Hamon;Sabine
Cooley;Nicole
Andrade;Alejandra
Sullivan;Scott
Kim;Ana
Dupré;Gilles
Rocha;Kevin
Joly;Laurence
Lesage;Léon
Denis;Aurélie
Hamel;Élodie
Lebreton;Susan
Neal;Thomas
Clément;Lorraine
Charrier;Constance
Perret;Lorraine
Martineau;Brigitte
Campbell;Edward
Williams;Ann
Coleman;Lisa
Guillaume;Frédéric
Castro;Karen
Bonneau;Monique
Gérard;Paulette
Davis;Stephanie
Henry;Timothy
Williams;Ana
Ramos;Richard
Techer;Christiane
Colon;Nicole
Garcia;Penny
Holden;Stephanie
Lopez;Julien
Morel;Jacqueline
Bourgeois;Andrée
Lee;Tyler
Sauvage;Stéphanie
Robles;Ryan
Boyer;Léon
Blanc;Alex
Miller;Lisa
Lemaître;Christophe
Dijoux;Rémy
Brun;Claudine
Manning;Amanda
Gérard;Andrée
Cox;Kristen
Frank;Kendra
Dubois;Nicole
Moran;Kelsey
Morton;Megan
Martinez;Kelsey
Morgan;Kimberly
Schneider;Louis
Godard;Arthur
Deleon;Savannah
Ayala;Karen
Leduc;Margaud
Navarro;Keith
Allard;Frédérique
Delaunay;Paulette
Smith;Whitney
Blondel;Aimée
Launay;Thérèse
Ortiz;Timothy
Morris;Christine
Le Roux;Pénélope
Mcmillan;Andrew
Pottier;Honoré
Vaillant;Gilbert
James;Amanda
Patterson;Nathaniel
Clerc;Zoé
Flores;Brian
Albert;Michelle
Gillet;Claudine
Ellis;Sarah
Smith;Corey
Mallet;Marc
Dumont;Nathalie
Trevino;Donald
Walker;Kim
Rousseau;Claude
Boucher;Catherine
Dias;Léon
Mccann;Karen
Dos Santos;Thomas
Andre;Martin
Mitchell;Cynthia
Letellier;Aimé
Hall;Tyler
Laroche;Andrée
Denis;David
Mendès;Dominique
Wells;Christina
Gates;James
Barton;Rhonda
Perrier;Corinne
Le Goff;Michelle
Guillon;Roger
Lévy;Luc
Hernandez;Hélène
Traore;Zacharie
Brun;Agathe
Perry;Christina
Ford;Blake
Wiggins;William
Lefebvre;Lucy
Jourdan;Brigitte
Deleon;Debra
Arroyo;Rachel
Guyot;René
Robin;Laurent
Vasseur;Olivier
Klein;Gilles
Fischer;Brandon
Duran;Marie
Potter;Gloria
Mitchell;Barry
Diaz;Jared
Wheeler;Nicole
Cox;Brandon
Garnier;Maurice
Leclercq;Caroline
Arnold;Amanda
Garcia;Michael
Chandler;Dennis
Lamy;Sébastien
Labbé;Virginie
Dupré;Suzanne
Antoine;Thibault
Baker;Madison
Grenier;Édouard
Coleman;Billy
Jimenez;Jamie
Guyot;Marcel
Pages;Raymond
Combs;Lauren
Lecoq;Adrienne
Blondel;Patrick
Murray;Norma
Rogers;Misty
Bazin;Rémy
Strickland;Jonathan
Davis;Matthew
Goncalves;Louise
Morris;John
Hughes;Jimmy
Pruvost;Émilie
Gaillard;Laetitia
Charles;Bernard
Ryan;Martin
Austin;Andrew
Dorsey;Nicole
Delannoy;Emmanuel
Ledoux;Suzanne
Thompson;Michael
Bennett;Timothy
Morris;Steven
Huerta;Drew
Kennedy;Ariel
Ortiz;Kristi
Dumas;Alphonse
Julien;Océane
Diaz;Walter
Garcia;Nathalie
Leclerc;Alexandria
Gillet;Eugène
Imbert;Maggie
Anderson;Audrey
Cruz;Kevin
Chartier;Marine
Bowman;Nicole
Salmon;Adélaïde
Love;Thomas
Booth;Cesar
Williams;April
Maillot;Céline
Thomas;Steven
Besson;Charles
Gonzalez;Dawn
Peltier;Anaïs
Grégoire;Marine
Jacquot;Christiane
Costa;Jean
Washington;Jessica
Le Goff;Jacqueline
Guyon;Gérard
Camus;Timothée
Collet;Emmanuelle
Allard;François
Bertrand;Marcel
Jennings;Leah
Gay;Thomas
Savage;Kevin
Moore;Frank
Moore;Eric
Mccoy;Elizabeth
Howard;Elizabeth
Fernandes;Christelle
Santana;Lauren
Macdonald;Dillon
Bernard;Nathalie
Sweeney;Andrew
Antoine;Franck
Martinez;Preston
Morvan;Marthe
Lévêque;Susanne
Pope;Elizabeth
Campbell;Denise
Erickson;Robert
Eaton;Justin
Weiss;Brigitte
Lambert;Lucy
Renaud;Anastasie
Reynaud;Véronique
Stewart;David
Letellier;Célina
Legendre;Aimé
Raymond;Jacqueline
Caldwell;Michelle
Barre;Édouard
James;Gary
Stevenson;Alexander
Devaux;Marguerite
Martinez;Sarah
Lacroix;Audrey
Rowland;Janet
Adams;Todd
Martins;Claire
Barber;Colton
Sanchez;Carrie
Pasquier;Martine
Boutin;Anastasie
Edwards;Stephen
Cousin;Zoé
Collins;Timothy
Faure;Franck
Graham;Jenna
Delannoy;Constance
Pasquier;Laetitia
Grant;Shawn
Daniels;Adam
Lévy;Eugène
Tessier;Victoire
Allain;Gilbert
Johnson;James
Pascal;Pierre
Maillot;Jeanne
Williams;Jennifer
Blair;Jennifer
Techer;Nicole
Morin;Luc
Franklin;Justin
Fabre;Éric
Muller;Laure
Germain;Marc
Maillot;Bertrand
Lebon;Alexandrie
Leleu;Noémi
Wilson;Marco
Hoareau;Martin
Ribeiro;Cécile
Adams;Steve
Reeves;Jennifer
Petitjean;Nath
Raymond;Patrick
Smith;Julian
Dumont;Dominique
Boucher;Christophe
Le Gall;Sabine
Nguyen;Jessica
Monnier;Édith
Burton;Mark
White;Kim
Hawkins;Jessica
Martineau;Sophie
Rodriguez;Marine
Berger;Jérôme
Pons;Thomas
Salmon;Inès
Moody;Corey
Atkins;Rebecca
Lopez;Jessica
Rodriguez;Tabitha
Mace;Julie
Legros;Nathalie
Patel;Kathleen
Hines;Barbara
Johnson;Jennifer
Maillet;Victoire
Gomes;Marine
Deschamps;Daniel
Campbell;David
Green;Janet
Bonnet;Arnaude
Graham;Frank
Meyer;Maurice
Summers;Tiffany
Griffin;Diane
Long;Erika
Newman;Jennifer
Weiss;Anne
Smith;William
Bertin;Jean
Jones;Rodney
Medina;Jean
Reynolds;Julie
Camus;Valérie
Hernandez;Marie
Jimenez;Jo
Chandler;Brandon
Grant;Amanda
Hamilton;Todd
Lambert;Renée
Baron;Olivier
Lopez;Ricardo
Rivera;Jason
Winters;Steven
Wells;David
Berry;Laura
Ramirez;Haley
Howard;Christina
Rosales;Matthew
Mendès;Madeleine
Rose;Dylan
Kelly;April
Verdier;Maurice
Texier;Jérôme
Cohen;Timothée
Traore;Bernard
Lucas;Monique
Smith;Stephen
Wilson;Christian
Jones;Heidi
Lejeune;Marie
Christian;David
Dennis;Kenneth
Shelton;Carl
Wilson;Nicholas
De Sousa;Alphonse
Lopez;Gabriel
Rodrigues;Margot
Mccall;Theresa
Lopes;Thibault
Petitjean;Robert
Lee;Donald
Andersen;Michelle
Bazin;William
Lévy;Benoît
Leroux;Yves
Duncan;Crystal
Meyer;Mitchell
Gosselin;Denis
Humbert;Agathe
Sauvage;Christiane
Boyer;Kyle
Gregory;Kristy
Jean;Constance
Voisin;Audrey
Blanc;Jules
Wong;Raymond
Buck;Lisa
Hahn;Virginia
Rice;Olivia
Thomas;Heather
Carlier;Christiane
Boyer;Joseph
Rolland;Adèle
Vargas;Michael
Beard;Christopher
Colon;Michelle
Lee;Amber
Noël;Michel
Hendricks;Angela
Mathieu;Édouard
Dupuy;Robert
Moulin;Louis
Mahe;Philippine
Davis;Deborah
Smith;Bryan
Gomes;Juliette
Gérard;Luc
Phillips;Rachel
Legendre;Olivier
Carter;Eric
Menard;Augustin
François;Émilie
Dumont;Franck
Marchand;Susan
Chauvin;Astrid
Padilla;Jennifer
Young;Betty
Massey;Timothy
Pons;Henriette
Morgan;Jeffrey
Michel;Jules
Meyer;Claude
Rivera;Sherri
Mace;Benoît
Meyer;Alexandra
Rodriguez;Sylvie
Jenkins;Jeremy
Huet;Aimée
Fernandez;Colette
Short;George
Burgess;Tony
Jones;Charles
Cross;Joshua
Martinez;Rebecca
Goncalves;Suzanne
Saunders;Jeffery
Bigot;Constance
Horton;Tiffany
Bodin;Martine
Jean;Josette
Wilson;Tanya
Peterson;Robert
Smith;Holly
Moore;Matthew
Scott;Maria
Davis;Jonathan
Brown;George
Bourgeois;Honoré
Gaines;Nicole
Jackson;Michelle
Fletcher;Marco
Jones;Jason
Lejeune;Marguerite
Navarro;Virginie
Scott;David
Johnson;Nicholas
Leroy;Michelle
Morel;Hélène
Massey;Douglas
Myers;Travis
Sanchez;Raymond
Pierre;Alix
Carney;Robert
Lefort;Grégoire
Atkinson;Gregory
Wang;Cynthia
Kaufman;Belinda
Holt;Andrew
Gonzalez;Melinda
Thompson;Joseph
Myers;Patrick
Watkins;Shawn
Joseph;Thomas
Guillaume;Hortense
Williams;Sarah
Rivière;Denis
Renaud;Christelle
Williams;Kristy
Trevino;William
Horton;Derrick
Meadows;Kenneth
Hale;Gerald
Courtois;Tristan
Payet;Denise
Morris;Ryan
Austin;James
Arnaud;Guillaume
Ellison;Robert
Kim;Cassidy
Clément;Arnaude
Guillon;Louis
Hoarau;Michelle
Green;Luis
Cuevas;Rebecca
Lewis;Tamara
Simon;Corinne
Cervantes;Craig
Cline;Angela
Leconte;Olivie
Lebrun;Yves
Andre;Eugène
Hebert;Charles
Osborn;Aaron
Guilbert;Bernadette
De Oliveira;Guy
Meadows;Ross
Hughes;Robert
Lebon;Léon
Bertrand;Paulette
Greene;Timothy
Blanc;Chantal
Stevens;Edward
Schwartz;Deborah
Reyes;Leon
Le Roux;Astrid
Adams;Sheila
Pereira;Simone
Elliott;Gabrielle
Smith;Carl
Crawford;Gina
Mendoza;Darren
Miller;Veronica
Moore;Kimberly
Harper;Tanya
Mckay;Kyle
Hoareau;Daniel
Thomas;Amanda
Maury;Rémy
Holmes;Sharon
Collin;Isaac
Cameron;Jill
Carlson;Tracy
Ruiz;Margot
Leduc;Amélie
Pottier;Monique
Hernandez;Éric
Reynolds;David
Gallet;Rémy
Booth;Kevin
Williams;Margaret
Bray;Steven
Harris;Nicholas
Payet;Maurice
Guibert;Constance
Dominguez;Michaela
David;Antoinette
Walters;Zachary
Marie;Alice
Lopez;Nicolas
White;Anna
Padilla;Kayla
Paul;Victor
Woods;Shaun
Spears;Jennifer
Lemonnier;Richard
Pearson;Sandra
Boutin;Agnès
Cordier;Philippine
Smith;Christina
Lebrun;Lucie
Estrada;Michael
Harper;Shari
Smith;Andrew
Moon;Erin
Gilbert;Alice
Arias;James
Taylor;Jacob
Anderson;Eric
Pierre;Maurice
Landry;Pamela
Pearson;David
Blin;Dominique
Maillet;Jean
Leclercq;Christine
Leroy;Olivie
Rousset;Louis
Mathieu;Virginie
Petit;Marcel
Turner;Janet
Peltier;Lucy
Gutierrez;Kara
Johnson;Brett
Pichon;Julie
Simon;Bethany
Loiseau;Éléonore
Gaines;Latoya
Leclercq;Roland
Bishop;Diana
Bonnin;Catherine
Boulanger;Gérard
Berry;Todd
Martin;Adrienne
Martin;Jeffery
Hunt;Misty
Harris;Amber
Delannoy;Hugues
Faivre;Célina
Raynaud;Émile
Rubio;Zachary
Schroeder;Maria
Hickman;Jeffrey
Pelletier;Éric
Dupont;Stéphane
Schmitt;Gérard
Leclercq;Lucie
Aubry;François
Stewart;Jennifer
Smith;Debra
Klein;Grégoire
Bruneau;Antoine
Mccullough;Monica
Thompson;Jennifer
Ledoux;Amélie
Huang;Christopher
Dias;Michel
Huet;Marc
Hanson;Emily
Besson;Martine
Lelièvre;Frédéric
Mora;Emily
Garnier;Eugène
Humbert;Adrien
Lopez;Johnathan
Bertin;Adélaïde
Lamy;Laurent
Dumont;Adèle
Lamy;André
Reed;Meagan
Ingram;David
Henson;Ashley
Maldonado;Kathleen
Benitez;Adam
Normand;Inès
Delannoy;Nathalie
Joubert;Charles
Johnson;Megan
Bousquet;Marcel
Clark;Elizabeth
Berthelot;Édouard
Grant;Joshua
Vallée;Margot
Anderson;George
Johnson;Lori
Potts;Thomas
Watson;Joel
Rocher;Robert
Mercier;Marie
Bennett;Kimberly
Richardson;Candace
Ramirez;Miranda
Huang;Jeffery
Tucker;Jennifer
Garza;John
Jacquot;Élisabeth
Norris;Kristi
Wilson;Linda
Boulanger;Guillaume
Auger;Maryse
Delaunay;Vincent
Nguyen;Martin
Barbier;René
Hughes;Kimberly
Torres;Marvin
Garcia;John
Barnes;David
Charpentier;Aimée
Reyes;Maria
Perrot;Franck
Franco;Paul
Joseph;Antoine
Lévêque;Grégoire
Christensen;Cesar
Chartier;Catherine
Bradley;Darren
Millet;Pénélope
Guillou;Lucie
Byrd;David
Gibbs;Larry
Parrish;Kimberly
Germain;Thierry
Lefebvre;Henri
Lévêque;Christiane
Wilcox;Brittany
Vincent;Théodore
Morin;Aimé
Delmas;Raymond
Dias;Denis
Guzman;Andrew
Clerc;Monique
Jackson;Tara
Coulon;Adrien
Carlson;Matthew
Pichon;Valentine
Tanguy;Thomas
Pierce;Lisa
Sawyer;Dennis
Monroe;Mark
Parker;Matthew
Traore;Adèle
Johnson;Christopher
Brown;Elizabeth
Richardson;Nicole
Pottier;Éléonore
Pruvost;Thierry
Clerc;Thibaut
Anderson;Jennifer
Wagner;Stephen
Moulin;Émilie
Chartier;Émile
Vaillant;Louise
Griffin;Catherine
Ruiz;Rhonda
Evrard;Émile
Bernard;Inès
Garcia;Xavier
Rodriguez;Jessica
White;Christopher
Mccarthy;Adrian
Stewart;Michael
Potts;Patricia
Wilson;Scott
Torres;Amanda
Fischer;Josette
Legros;Charlotte
Hancock;Tracey
Snyder;Jamie
Martinez;Brandon
Lefèvre;Aurélie
Hernandez;Joseph
Miller;Tara
Thomas;Kenneth
Jones;Tricia
Chevalier;Geneviève
Marie;Rémy
James;Christopher
Williams;Christopher
Denis;Guy
Joubert;Aurélie
Anderson;Ryan
Hernandez;Barbara
De Oliveira;Pénélope
Jones;Michael
Rolland;Patricia
Williams;William
Medina;Gabriel
Golden;Nicole
Martin;Jeanne
Roberts;William
Ford;Troy
Moran;Stephanie
Pope;Stephen
Pons;Caroline
Vidal;Stéphane
Wolfe;James
Pelletier;Manon
Jones;William
Boyer;Yves
Banks;Donald
Cooper;Savannah
Sherman;Brandon
Cohen;Nicolas
Besnard;Claudine
Dean;Vincent
Dijoux;Édith
Perrin;Jérôme
Johnson;Jennifer
Mendès;Laurent
Taylor;Lori
Lopez;Diana
Rousset;Alexandria
Powers;Tonya
Rey;Charlotte
Wagner;Sarah
Stewart;Courtney
Clark;Jill
Valette;Antoinette
Thomas;Luis
Mason;Julie
Brown;Timothy
Walsh;Angela
Moulin;Gilles
Perret;Christelle
Cruz;Kenneth
Garcia;Robert
Smith;Ethan
Montoya;Russell
Torres;Laurence
Lopez;François
Malone;George
Fournier;Henriette
Rodgers;Billy
Martinez;Stéphanie
Martin;Willie
Sloan;Stacy
Pollard;Daniel
Pierre;Frédérique
Peterson;Christopher
Green;Jason
Pages;Antoine
Da Silva;Timothée
Wade;Gregory
Young;Kenneth
Snow;Patrick
Miller;Kelly
Bodin;Jeanne
Cross;Carlos
Mack;Brian
Colas;Victoire
Lenoir;Juliette
Clark;Lee
Marchal;Éléonore
Jacquet;Maryse
Duncan;Erica
Henry;David
Baron;Guillaume
Lecoq;Colette
Germain;Philippine
Hall;Michael
Miller;Maria
Valette;Alex
Nelson;Stephen
Da Costa;Aimée
Adams;Tyler
Gaillard;Paul
Davis;Stephanie
Chauvet;Pénélope
Reynolds;Thomas
Gonzales;Susan
Jones;Brenda
Craig;Chelsey
Da Silva;Lucas
Toussaint;Adrien
Lebon;Denise
Chevalier;Émile
Wood;Adam
Imbert;Valentine
Loiseau;Rémy
Wilson;Jeremy
De Oliveira;Benoît
Labbé;Suzanne
Daniel;Paul
Mullins;Sarah
Baldwin;Kayla
Gilles;Marthe
Simpson;Jonathan
Roux;André
Mace;Arthur
Garcia;Wendy
Thibault;Corinne
Peron;Henri
Palmer;Jacob
Taylor;Robert
Miller;John
Robin;Claude
Weaver;Hunter
Hernandez;Julien
Garza;Brenda
Lawrence;Linda
Jones;Megan
Perret;Jeanne
Mcbride;Mary
Guillot;Patricia
Simmons;Brian
Torres;Michelle
Denis;Renée
Mitchell;Paul
Allard;Valérie
Gonzalez;Virginia
Montoya;Randy
Le Roux;Léon
Alexandre;Denis
Jones;Dawn
Dupuy;Alex
Gonzales;Kenneth
Scott;Katherine
Meyers;Anthony
Reyes;Nathaniel
Pierce;Andrew
Miller;Briana
Richardson;Marisa
Raynaud;Thibault
Robert;Frédéric
Ferrell;Derrick
Roberson;Angelica
Fitzgerald;Sarah
Chauveau;Audrey
Lesage;Capucine
Miller;Shannon
Le Goff;Martine
Cortez;Joy
Haynes;Katherine
Garcia;Amélie
Dupré;Suzanne
Bouvet;Paulette
Antoine;Monique
Wong;Tyler
Mathieu;Océane
Mace;Camille
Diaz;Alex
Weaver;Charles
Perez;Caitlin
Chambers;Collin
Blair;Gregory
Sanders;Steven
Smith;Jonathan
Mcdaniel;Robin
Bruce;Matthew
Raynaud;Margaret
Leroux;Jeanne
Phelps;Mary
Smith;Donald
Alvarez;Julia
Marion;Alfred
Jacobs;Craig
Roger;Maryse
Pruvost;Camille
Burke;Sylvia
Cohen;Maryse
Thompson;Michelle
Campbell;Gary
Cain;Amanda
Traore;Virginie
Berger;Charlotte
Warner;Randy
Rousseau;Jules
Weaver;Omar
Kelley;Nicolas
Salas;Kristin
Poirier;Clémence
Marques;Hélène
Nelson;Michael
Leblanc;Margot
Paul;Élisabeth
Martin;Robert
Joly;Thomas
Schmitt;Raymond
Girard;Isabelle
Palmer;Kevin
Mary;Alphonse
Greer;Shawn
Perrin;Christine
Leclercq;Marcel
Riou;Denis
Kelley;Jennifer
Palmer;Diana
Stewart;Steven
Hall;Jennifer
Carpenter;Katherine
Vallée;Éric
Dias;Christine
Harper;Ana
Chauvin;Michel
Browning;Alicia
Garcia;Susan
Munoz;Zacharie
Dos Santos;Isaac
Day;Matthew
Walker;Brenda
Meyer;Martine
Payet;Patricia
Carpentier;Marcelle
King;Candace
Teixeira;Josette
Richardson;Gina
Montoya;Amber
Wong;Autumn
Gosselin;Colette
Marquez;Ryan
Peron;Tristan
Baker;Jamie
Lamy;Anouk
Gonzalez;Wanda
Costa;Anastasie
Gosselin;Michèle
Bennett;Cheryl
Vallet;Philippe
Guibert;Gilbert
Allen;Charles
Walker;Yesenia
Thompson;Brenda
Crawford;Jasmine
Mitchell;Breanna
Rivera;Kyle
Wallace;Cynthia
Carre;Étienne
Léger;Timothée
Alexander;Shannon
Sanchez;David
Morgan;Tanya
Bousquet;Zoé
Martins;Thérèse
Cline;Jeffrey
Sanchez;Aaron
Fischer;Isabelle
Raymond;Louis
Cook;Eric
Gauthier;Timothée
Rodriguez;Noël
Mathieu;Anne
Poirier;Édith
Moreno;Carlos
Berger;Gilles
Martinez;Cassandra
Marchal;Audrey
Bailey;Kenneth
Jean;Gérard
Morel;Maryse
Smith;Amy
Collet;Richard
Hall;Scott
Estrada;Shawn
Green;Timothy
Kelly;Vanessa
Carson;Kyle
Davis;Jody
Vasseur;Frédéric
Guilbert;Marie
Richardson;Brent
Chevalier;Chantal
Cox;Kevin
Anderson;Melissa
Julien;Olivie
Anderson;David
Colin;Aurore
Rey;Luce
Dumas;Emmanuelle
Arnaud;Michelle
Murphy;Susan
Joseph;Stéphane
Le Roux;Jérôme
Griffin;Misty
White;Morgan
Henry;Astrid
Ledoux;Nicolas
Hunter;Kelsey
Glover;Cody
Schmidt;Samuel
Parent;David
Boyd;Amanda
Chapman;Amy
Collins;Selena
